Workbook

Sheet Main
B2: Ver.#1 | H2: אביזרי מסיבות | I2: 628 | J2: חברות פעילות בתחום
B4: טט | F4: החברה | G4: ________ | H4: מתוך | J4: חברות במערכת | T4: Website & Service improvement Guide
H5: ככל ששטח המצולע גדול יותר - החברה איכותית יותר. להגדלת התרשים - עמדו עליו: | T5: המלצות לשיפור האתר, השירות והמותג מהות ההמלצות לעדכון הפרמטרים הינה מקסימיזציה יחסית בהשוואה למיטבי מבין כלל אתרי תחום הפעילות ובכך לשדרג את מיקום האתר בדירוג הרייטינג הכולל והיחסי שלו
B6: דירוג הרייטינג היחסי הכולל | G6: > | H6: ככל שהדירוגים בעמודה גבוהים יותר - החברה איכותית יותר | I6: =(I8*H8 + I10*H10 + I12*H12 + I14*H14 + I16*H16 + I18*H18 + I22*H22)/SUM(H8,H10,H12,H14,H16,H18,H20,H22) -> 3.1506997
B8: 1 | C8: מדדים תעריפיים | H8: 1.8 | I8: =I30 -> 4.9330357
B10: 2 | C10: =C95 -> ערכיות רב-שכבתית | H10: 2 | I10: =I95 -> 2.9104478
B12: 3 | C12: =C176 -> גודל ופריסה | H12: 1.8 | I12: =I176 -> 2.0192786
B14: 4 | C14: =C181 -> רמת שירות וממשקים | H14: 1.4 | I14: =I181 -> 1.25
B16: 5 | C16: =C188 -> אמינות ושקיפות | H16: 1.5 | I16: =I188 -> 3.6
B18: 6 | C18: =C195 -> סייבר ושמירת פרטיות | H18: 1.4 | I18: =I195 -> 3.75
B22: 7 | C22: =C213 -> נוכחות דיגיטלית | H22: 0.6 | I22: =I213 -> 3.9121419
B30: 1 | C30: מדדים תעריפיים (כולל מע"מ) | H30: דירוג משוקלל מנורמל > | I30: =(I32*30+I74+I86)/32 -> 4.9330357 | N30: 1
N31: איזור סניף /ים | P31: כן=5 / לא=0
B32: 1 | C32: מדגם מחירים (פריט שאינו נמכר, המחיר=999) | H32: << | I32: =(I33*3+I37*3+I41*3+I45*3+I49*3+I53*3+I57*3+I61*3+I65*3+I69*3)/30 -> 5 | N32: 1 | O32: צפון | P32: 0
C33: 1.1 | D33: בלונים | H33: < | I33: =(IF(I34=Normalize!G7,5,IF(I34<Normalize!G7,5,IF(I34>Normalize!I7,0,((I34-Normalize!G7)/(Normalize!I7-Normalize!G7))*5)))+IF(I35=Normalize!G8,5,IF(I35<Normalize!G8,5,IF(I35>Normalize!I8,0,5-((I35-Normalize!G8)/(Normalize!I8-Normalize!G8))*5)))+IF(I36=Normalize!G9,5,IF(I36<Normalize!G9,5,IF(I36>Normalize!I9,0,5-((I36-Normalize!G9)/(Normalize!I9-Normalize!G9))*5))))/3 -> 5 | L33: הערות /הבהרות למשתנים | N33: 2 | O33: חיפה והקריות | P33: 0
D34: 1.1.1 | E34: מספר מחירונים זמינים | H34: N | I34: 130 | K34: =D34 -> 1.1.1 | N34: 3 | O34: שרון | P34: 0
D35: 1.1.2 | E35: מחיר מזערי במחירונים | H35: NV | I35: 60 | K35: =D35 -> 1.1.2 | N35: 4 | O35: מרכז | P35: 0
D36: 1.1.3 | E36: מחיר מירבי במחירונים | H36: NV | I36: 90 | K36: =D36 -> 1.1.3 | N36: 5 | O36: גוש דן | P36: 5
C37: 1.2 | D37: כובעים | H37: < | I37: =(IF(I38=Normalize!G11,5,IF(I38<Normalize!G11,5,IF(I38>Normalize!I11,0,((I38-Normalize!G11)/(Normalize!I11-Normalize!G11))*5)))+IF(I39=Normalize!G12,5,IF(I39<Normalize!G12,5,IF(I39>Normalize!I12,0,5-((I39-Normalize!G12)/(Normalize!I12-Normalize!G12))*5)))+IF(I40=Normalize!G13,5,IF(I40<Normalize!G13,5,IF(I40>Normalize!I13,0,5-((I40-Normalize!G13)/(Normalize!I13-Normalize!G13))*5))))/3 -> 5 | N37: 6 | O37: ירושלים | P37: 0
D38: 1.2.1 | E38: מספר מחירונים זמינים | H38: N | I38: 60 | K38: =D38 -> 1.2.1 | N38: 7 | O38: איו"ש | P38: 0
D39: 1.2.2 | E39: מחיר מזערי במחירונים | H39: NV | I39: 20 | K39: =D39 -> 1.2.2 | N39: 8 | O39: שפלה | P39: 0
D40: 1.2.3 | E40: מחיר מירבי במחירונים | H40: NV | I40: 30 | K40: =D40 -> 1.2.3 | N40: 9 | O40: דרום | P40: 0
C41: 1.3 | D41: משקפיים | H41: < | I41: =(IF(I42=Normalize!G15,5,IF(I42<Normalize!G15,5,IF(I42>Normalize!I15,0,((I42-Normalize!G15)/(Normalize!I15-Normalize!G15))*5)))+IF(I43=Normalize!G16,5,IF(I43<Normalize!G16,5,IF(I43>Normalize!I16,0,5-((I43-Normalize!G16)/(Normalize!I16-Normalize!G16))*5)))+IF(I44=Normalize!G17,5,IF(I44<Normalize!G17,5,IF(I44>Normalize!I17,0,5-((I44-Normalize!G17)/(Normalize!I17-Normalize!G17))*5))))/3 -> 5 | N41: 10 | O41: אילת | P41: 0
D42: 1.3.1 | E42: מספר מחירונים זמינים | H42: N | I42: 5 | K42: =D42 -> 1.3.1 | P42: =SUM(P32:P41)/5 -> 1
D43: 1.3.2 | E43: מחיר מזערי במחירונים | H43: NV | I43: 8 | K43: =D43 -> 1.3.2
D44: 1.3.3 | E44: מחיר מירבי במחירונים | H44: NV | I44: 22 | K44: =D44 -> 1.3.3
C45: 1.4 | D45: שרשראות | H45: < | I45: =(IF(I46=Normalize!G19,5,IF(I46<Normalize!G19,5,IF(I46>Normalize!I19,0,((I46-Normalize!G19)/(Normalize!I19-Normalize!G19))*5)))+IF(I47=Normalize!G20,5,IF(I47<Normalize!G20,5,IF(I47>Normalize!I20,0,5-((I47-Normalize!G20)/(Normalize!I20-Normalize!G20))*5)))+IF(I48=Normalize!G21,5,IF(I48<Normalize!G21,5,IF(I48>Normalize!I21,0,5-((I48-Normalize!G21)/(Normalize!I21-Normalize!G21))*5))))/3 -> 5
D46: 1.4.1 | E46: מספר מחירונים זמינים | H46: N | I46: 5 | K46: =D46 -> 1.4.1 | N46: 2
D47: 1.4.2 | E47: מחיר מזערי במחירונים | H47: NV | I47: 8 | K47: =D47 -> 1.4.2 | N47: ישובי סניף /ים /שליחויות /שירות | P47: כן=5 / לא=0 | Q47: איזור
D48: 1.4.3 | E48: מחיר מירבי במחירונים | H48: NV | I48: 22 | K48: =D48 -> 1.4.3 | N48: 1 | O48: בית שאן | P48: 0 | Q48: צפון
C49: 1.5 | D49: קונפטי | H49: < | I49: =(IF(I50=Normalize!G23,5,IF(I50<Normalize!G23,5,IF(I50>Normalize!I23,0,((I50-Normalize!G23)/(Normalize!I23-Normalize!G23))*5)))+IF(I51=Normalize!G24,5,IF(I51<Normalize!G24,5,IF(I51>Normalize!I24,0,5-((I51-Normalize!G24)/(Normalize!I24-Normalize!G24))*5)))+IF(I52=Normalize!G25,5,IF(I52<Normalize!G25,5,IF(I52>Normalize!I25,0,5-((I52-Normalize!G25)/(Normalize!I25-Normalize!G25))*5))))/3 -> 5 | N49: 2 | O49: טבריה | P49: 0 | Q49: צפון
D50: 1.5.1 | E50: מספר מחירונים זמינים | H50: N | I50: 5 | K50: =D50 -> 1.5.1 | N50: 3 | O50: טירת כרמל | P50: 0 | Q50: צפון
D51: 1.5.2 | E51: מחיר מזערי במחירונים | H51: NV | I51: 8 | K51: =D51 -> 1.5.2 | N51: 4 | O51: טמרה | P51: 0 | Q51: צפון
D52: 1.5.3 | E52: מחיר מירבי במחירונים | H52: NV | I52: 22 | K52: =D52 -> 1.5.3 | N52: 5 | O52: יקנעם עילית | P52: 0 | Q52: צפון
C53: 1.6 | D53: ספריי שלג | H53: < | I53: =(IF(I54=Normalize!G27,5,IF(I54<Normalize!G27,5,IF(I54>Normalize!I27,0,((I54-Normalize!G27)/(Normalize!I27-Normalize!G27))*5)))+IF(I55=Normalize!G28,5,IF(I55<Normalize!G28,5,IF(I55>Normalize!I28,0,5-((I55-Normalize!G28)/(Normalize!I28-Normalize!G28))*5)))+IF(I56=Normalize!G29,5,IF(I56<Normalize!G29,5,IF(I56>Normalize!I29,0,5-((I56-Normalize!G29)/(Normalize!I29-Normalize!G29))*5))))/3 -> 5 | N53: 6 | O53: כרמיאל | P53: 0 | Q53: צפון
D54: 1.6.1 | E54: מספר מחירונים זמינים | H54: N | I54: 5 | K54: =D54 -> 1.6.1 | N54: 7 | O54: מגדל העמק | P54: 0 | Q54: צפון
D55: 1.6.2 | E55: מחיר מזערי במחירונים | H55: NV | I55: 8 | K55: =D55 -> 1.6.2 | N55: 8 | O55: מעלות- תרשיחא | P55: 5 | Q55: צפון
D56: 1.6.3 | E56: מחיר מירבי במחירונים | H56: NV | I56: 22 | K56: =D56 -> 1.6.3 | N56: 9 | O56: נהריה | P56: 0 | Q56: צפון
C57: 1.7 | D57: מתנפחים | H57: < | I57: =(IF(I58=Normalize!G31,5,IF(I58<Normalize!G31,5,IF(I58>Normalize!I31,0,((I58-Normalize!G31)/(Normalize!I31-Normalize!G31))*5)))+IF(I59=Normalize!G32,5,IF(I59<Normalize!G32,5,IF(I59>Normalize!I32,0,5-((I59-Normalize!G32)/(Normalize!I32-Normalize!G32))*5)))+IF(I60=Normalize!G33,5,IF(I60<Normalize!G33,5,IF(I60>Normalize!I33,0,5-((I60-Normalize!G33)/(Normalize!I33-Normalize!G33))*5))))/3 -> 5 | N57: 10 | O57: נוף הגליל | P57: 0 | Q57: צפון | R57: 1
D58: 1.7.1 | E58: מספר מחירונים זמינים | H58: N | I58: 5 | K58: =D58 -> 1.7.1 | N58: 11 | O58: נצרת | P58: 5 | Q58: צפון
D59: 1.7.2 | E59: מחיר מזערי במחירונים | H59: NV | I59: 8 | K59: =D59 -> 1.7.2 | N59: 12 | O59: נשר | P59: 0 | Q59: צפון
D60: 1.7.3 | E60: מחיר מירבי במחירונים | H60: NV | I60: 22 | K60: =D60 -> 1.7.3 | N60: 13 | O60: סח'נין | P60: 0 | Q60: צפון
C61: 1.8 | D61: דגלים | H61: < | I61: =(IF(I62=Normalize!G35,5,IF(I62<Normalize!G35,5,IF(I62>Normalize!I35,0,((I62-Normalize!G35)/(Normalize!I35-Normalize!G35))*5)))+IF(I63=Normalize!G36,5,IF(I63<Normalize!G36,5,IF(I63>Normalize!I36,0,5-((I63-Normalize!G36)/(Normalize!I36-Normalize!G36))*5)))+IF(I64=Normalize!G37,5,IF(I64<Normalize!G37,5,IF(I64>Normalize!I37,0,5-((I64-Normalize!G37)/(Normalize!I37-Normalize!G37))*5))))/3 -> 5 | N61: 14 | O61: עכו | P61: 0 | Q61: צפון
D62: 1.8.1 | E62: מספר מחירונים זמינים | H62: N | I62: 5 | K62: =D62 -> 1.8.1 | N62: 15 | O62: עפולה | P62: 0 | Q62: צפון
D63: 1.8.2 | E63: מחיר מזערי במחירונים | H63: NV | I63: 8 | K63: =D63 -> 1.8.2 | N63: 16 | O63: עראבה | P63: 0 | Q63: צפון
D64: 1.8.3 | E64: מחיר מירבי במחירונים | H64: NV | I64: 22 | K64: =D64 -> 1.8.3 | N64: 17 | O64: צפת | P64: 0 | Q64: צפון
C65: 1.9 | D65: צמידים | H65: < | I65: =(IF(I66=Normalize!G39,5,IF(I66<Normalize!G39,5,IF(I66>Normalize!I39,0,((I66-Normalize!G39)/(Normalize!I39-Normalize!G39))*5)))+IF(I67=Normalize!G40,5,IF(I67<Normalize!G40,5,IF(I67>Normalize!I40,0,5-((I67-Normalize!G40)/(Normalize!I40-Normalize!G40))*5)))+IF(I68=Normalize!G41,5,IF(I68<Normalize!G41,5,IF(I68>Normalize!I41,0,5-((I68-Normalize!G41)/(Normalize!I41-Normalize!G41))*5))))/3 -> 5 | N65: 18 | O65: שפרעם | P65: 0 | Q65: צפון
D66: 1.9.1 | E66: מספר מחירונים זמינים | H66: N | I66: 5 | K66: =D66 -> 1.9.1 | N66: 19 | O66: קריית שמונה | P66: 0 | Q66: צפון
D67: 1.9.2 | E67: מחיר מזערי במחירונים | H67: NV | I67: 8 | K67: =D67 -> 1.9.2 | N67: 20 | O67: חיפה | P67: 0 | Q67: חיפה והקריות
D68: 1.9.3 | E68: מחיר מירבי במחירונים | H68: NV | I68: 22 | K68: =D68 -> 1.9.3 | N68: 21 | O68: קריית אתא | P68: 0 | Q68: חיפה והקריות
C69: 1.1 | D69: מסכות | H69: < | I69: =(IF(I70=Normalize!G43,5,IF(I70<Normalize!G43,5,IF(I70>Normalize!I43,0,((I70-Normalize!G43)/(Normalize!I43-Normalize!G43))*5)))+IF(I71=Normalize!G44,5,IF(I71<Normalize!G44,5,IF(I71>Normalize!I44,0,5-((I71-Normalize!G44)/(Normalize!I44-Normalize!G44))*5)))+IF(I72=Normalize!G45,5,IF(I72<Normalize!G45,5,IF(I72>Normalize!I45,0,5-((I72-Normalize!G45)/(Normalize!I45-Normalize!G45))*5))))/3 -> 5 | N69: 22 | O69: קריית ביאליק | P69: 5 | Q69: חיפה והקריות | R69: 2
D70: 1.10.1 | E70: מספר מחירונים זמינים | H70: N | I70: 5 | K70: =D70 -> 1.10.1 | N70: 23 | O70: קריית ים | P70: 0 | Q70: חיפה והקריות
D71: 1.10.2 | E71: מחיר מזערי במחירונים | H71: NV | I71: 8 | K71: =D71 -> 1.10.2 | N71: 24 | O71: קריית מוצקין | P71: 0 | Q71: חיפה והקריות
D72: 1.10.3 | E72: מחיר מירבי במחירונים | H72: NV | I72: 22 | K72: =D72 -> 1.10.3 | N72: 25 | O72: הוד השרון | P72: 0 | Q72: שרון
N73: 26 | O73: אום אל-פחם | P73: 0 | Q73: שרון
B74: 2 | C74: מחירי ואזורי שליחויות (במחוז העדר פעילות מלאה /חלקית המחיר=999) | H74: < | I74: =(IF(I75=Normalize!G48,5,IF(I75<Normalize!G48,5,IF(I75>Normalize!I48,0,5-((I75-Normalize!G48)/(Normalize!I48-Normalize!G48))*5)))+IF(I76=Normalize!G49,5,IF(I76<Normalize!G49,5,IF(I76>Normalize!I49,0,5-((I76-Normalize!G49)/(Normalize!I49-Normalize!G49))*5)))+IF(I77=Normalize!G50,5,IF(I77<Normalize!G50,5,IF(I77>Normalize!I50,0,5-((I77-Normalize!G50)/(Normalize!I50-Normalize!G50))*5)))+IF(I78=Normalize!G51,5,IF(I78<Normalize!G51,5,IF(I78>Normalize!I51,0,5-((I78-Normalize!G51)/(Normalize!I51-Normalize!G51))*5)))+IF(I79=Normalize!G52,5,IF(I79<Normalize!G52,5,IF(I79>Normalize!I52,0,5-((I79-Normalize!G52)/(Normalize!I52-Normalize!G52))*5)))+IF(I80=Normalize!G53,5,IF(I80<Normalize!G53,5,IF(I80>Normalize!I53,0,5-((I80-Normalize!G53)/(Normalize!I53-Normalize!G53))*5)))+IF(I81=Normalize!G54,5,IF(I81<Normalize!G54,5,IF(I81>Normalize!I54,0,5-((I81-Normalize!G54)/(Normalize!I54-Normalize!G54))*5)))+IF(I82=Normalize!G55,5,IF(I82<Normalize!G55,5,IF(I82>Normalize!I55,0,5-((I82-Normalize!G55)/(Normalize!I55-Normalize!G55))*5)))+IF(I83=Normalize!G56,5,IF(I83<Normalize!G56,5,IF(I83>Normalize!I56,0,5-((I83-Normalize!G56)/(Normalize!I56-Normalize!G56))*5)))+IF(I84=Normalize!G57,5,IF(I84<Normalize!G57,5,IF(I84>Normalize!I57,0,5-((I84-Normalize!G57)/(Normalize!I57-Normalize!G57))*5))))/10 -> 5 | N74: 27 | O74: אור עקיבא | P74: 0 | Q74: שרון
C75: 1.1 | D75: צפון | H75: NV | I75: 150 | K75: =C75 -> 1.1 | N75: 28 | O75: באקה אל-גרבייה | P75: 0 | Q75: שרון
C76: 1.2 | D76: חיפה והקריות | H76: NV | I76: 66 | K76: =C76 -> 1.2 | N76: 29 | O76: חדרה | P76: 0 | Q76: שרון
C77: 1.3 | D77: שרון | H77: NV | I77: 225 | K77: =C77 -> 1.3 | N77: 30 | O77: טייבה | P77: 0 | Q77: שרון
C78: 1.4 | D78: מרכז | H78: NV | I78: 125 | K78: =C78 -> 1.4 | N78: 31 | O78: טירה | P78: 0 | Q78: שרון | R78: 3
C79: 1.5 | D79: גוש-דן | H79: NV | I79: 100 | K79: =C79 -> 1.5 | N79: 32 | O79: כפר יונה | P79: 0 | Q79: שרון
C80: 1.6 | D80: ירושלים | H80: NV | I80: 100 | K80: =C80 -> 1.6 | N80: 33 | O80: כפר סבא | P80: 0 | Q80: שרון
C81: 1.7 | D81: איו"ש | H81: NV | I81: 100 | K81: =C81 -> 1.7 | N81: 34 | O81: כפר קאסם | P81: 0 | Q81: שרון
C82: 1.8 | D82: שפלה | H82: NV | I82: 125 | K82: =C82 -> 1.8 | N82: 35 | O82: נתניה | P82: 0 | Q82: שרון
C83: 1.9 | D83: דרום | H83: NV | I83: 55 | K83: =C83 -> 1.9 | N83: 36 | O83: קלנסווה | P83: 0 | Q83: שרון
C84: 1.10 | D84: אילת | H84: NV | I84: 225 | K84: =C84 -> 1.10 | N84: 37 | O84: רעננה | P84: 0 | Q84: שרון
N85: 38 | O85: אלעד | P85: 0 | Q85: מרכז
B86: 3 | C86: אמצעי תשלום ואשראי זמינים | H86: < | I86: =SUM(I87:I93)/7 -> 2.8571429 | N86: 39 | O86: אור יהודה | P86: 0 | Q86: מרכז
C87: 3.1 | D87: העברות | H87: כן=5 / לא=0 | I87: 5 | K87: =C87 -> 3.1 | N87: 40 | O87: באר יעקב | P87: 0 | Q87: מרכז
C88: 3.2 | D88: פייפאל | H88: כן=5 / לא=0 | I88: 5 | K88: =C88 -> 3.2 | N88: 41 | O88: גבעת שמואל | P88: 0 | Q88: מרכז
C89: 3.3 | D89: אפליקציות תשלומים | H89: כן=5 / לא=0 | I89: 0 | K89: =C89 -> 3.3 | N89: 42 | O89: יהוד-מונוסון | P89: 0 | Q89: מרכז | R89: 4
C90: 3.4 | D90: ביטקוין | H90: כן=5 / לא=0 | I90: 0 | K90: =C90 -> 3.4 | N90: 43 | O90: פתח תקווה | P90: 0 | Q90: מרכז
C91: 3.5 | D91: כרטיסי אשראי | H91: כן=5 / לא=0 | I91: 5 | K91: =C91 -> 3.5 | N91: 44 | O91: קריית אונו | P91: 0 | Q91: מרכז
C92: 3.6 | D92: כרטיסי חיוב ישיר | H92: כן=5 / לא=0 | I92: 0 | K92: =C92 -> 3.6 | N92: 45 | O92: ראש העין | P92: 5 | Q92: מרכז
C93: 3.7 | D93: פריסה ל- 12 תשלומים לפחות ללא ריבית בכל אמצעי התשלום | H93: כן=5 / לא=0 | I93: 5 | K93: =C93 -> 3.7 | N93: 46 | O93: רמת השרון | P93: 0 | Q93: מרכז
N94: 47 | O94: בני ברק | P94: 0 | Q94: גוש-דן
B95: 2 | C95: ערכיות רב-שכבתית | H95: דירוג משוקלל מנורמל > | I95: =(I97*4+I103*3+I108*60)/67 -> 2.9104478 | N95: 48 | O95: בת ים | P95: 0 | Q95: גוש-דן
N96: 49 | O96: גבעתיים | P96: 0 | Q96: גוש-דן
B97: 1 | C97: שקיפות וגילוי נאות | H97: < | I97: =SUM(I98:I101)/4 -> 2.5 | N97: 50 | O97: הרצליה | P97: 0 | Q97: גוש-דן
C98: 1.1 | D98: מחירון מפורט מלא באתר לכל מוצר | H98: כן=5 / לא=0 | I98: 5 | K98: =C98 -> 1.1 | N98: 51 | O98: חולון | P98: 0 | Q98: גוש-דן | R98: 5
C99: 1.2 | D99: כל מוצר מלווה באתר בתמונה | H99: כן=5 / לא=0 | I99: 0 | K99: =C99 -> 1.2 | N99: 52 | O99: רמת גן | P99: 0 | Q99: גוש-דן
C100: 1.3 | D100: כל מוצר מלווה במפרט טכני מלא | H100: כן=5 / לא=0 | I100: 0 | K100: =C100 -> 1.3 | N100: 53 | O100: תל אביב-יפו | P100: 0 | Q100: גוש-דן
C101: 1.4 | D101: כל המוצרים באתר מצויים במלאי | H101: כן=5 / לא=0 | I101: 5 | K101: =C101 -> 1.4 | N101: 54 | O101: בית שמש | P101: 0 | Q101: ירושלים
N102: 55 | O102: ירושלים | P102: 0 | Q102: ירושלים | R102: 6
B103: 2 | C103: שירות האונליין | H103: < | I103: =(SUM(I104:I105)+IF(I106=Normalize!G62,5,IF(I106<Normalize!G62,5,IF(I106>Normalize!I62,0,5-((I106-Normalize!G62)/(Normalize!I62-Normalize!G62))*5))))/3 -> 3.3333333 | N103: 56 | O103: אריאל | P103: 0 | Q103: איו"ש
C104: 2.1 | D104: כולל את מלוא מוצרי הרשת שבמכירה פיזית | H104: כן=5 / לא=0 | I104: 5 | K104: =C104 -> 2.1 | N104: 57 | O104: ביתר עילית | P104: 0 | Q104: איו"ש | R104: 7
C105: 2.2 | D105: מחיר הפריטים אינו עולה על המחיר ברשת הפיזית | H105: כן=5 / לא=0 | I105: 0 | K105: =C105 -> 2.2 | N105: 58 | O105: מודיעין עילית | P105: 0 | Q105: איו"ש
C106: 2.3 | D106: זמן אספקה מירבי מובטח של הזמנת שליחות (ימי עסקים) | H106: NV | I106: 5 | K106: =C106 -> 2.3 | N106: 59 | O106: מעלה אדומים | P106: 0 | Q106: איו"ש
N107: 60 | O107: אשדוד | P107: 0 | Q107: שפלה
B108: 3 | C108: מאפייני הפעילות | H108: <<< | I108: =(I109*10+I120*10+I131*10+I142*10+I153*10+I164*10)/60 -> 2.9166667 | N108: 61 | O108: אשקלון | P108: 0 | Q108: שפלה
C109: 2.1 | D109: המוצרים הזמינים | H109: < | I109: =SUM(I110:I119)/10 -> 2.5 | N109: 62 | O109: באר יעקב | P109: 5 | Q109: שפלה
D110: 3.1.1 | E110: בלונים | H110: כן=5 / לא=0 | I110: 0 | K110: =D110 -> 3.1.1 | N110: 63 | O110: יבנה | P110: 0 | Q110: שפלה
D111: 3.1.2 | E111: כובעים | H111: כן=5 / לא=0 | I111: 5 | K111: =D111 -> 3.1.2 | N111: 64 | O111: לוד | P111: 5 | Q111: שפלה
D112: 3.1.3 | E112: משקפיים | H112: כן=5 / לא=0 | I112: 0 | K112: =D112 -> 3.1.3 | N112: 65 | O112: מודיעין- מכבים- רעות | P112: 0 | Q112: שפלה | R112: 8
D113: 3.1.4 | E113: שרשראות | H113: כן=5 / לא=0 | I113: 5 | K113: =D113 -> 3.1.4 | N113: 66 | O113: נס ציונה | P113: 0 | Q113: שפלה
D114: 3.1.5 | E114: קונפטי | H114: כן=5 / לא=0 | I114: 0 | K114: =D114 -> 3.1.5 | N114: 67 | O114: קריית גת | P114: 0 | Q114: שפלה
D115: 3.1.6 | E115: ספריי שלג | H115: כן=5 / לא=0 | I115: 5 | K115: =D115 -> 3.1.6 | N115: 68 | O115: קריית מלאכי | P115: 0 | Q115: שפלה
D116: 3.1.7 | E116: מתנפחים | H116: כן=5 / לא=0 | I116: 0 | K116: =D116 -> 3.1.7 | N116: 69 | O116: ראשון לציון | P116: 0 | Q116: שפלה
D117: 3.1.8 | E117: דגלים | H117: כן=5 / לא=0 | I117: 5 | K117: =D117 -> 3.1.8 | N117: 70 | O117: רחובות | P117: 0 | Q117: שפלה
D118: 3.1.9 | E118: צמידים | H118: כן=5 / לא=0 | I118: 0 | K118: =D118 -> 3.1.9 | N118: 71 | O118: רמלה | P118: 5 | Q118: שפלה
...

Sheet Normalize
B2: פרמטרים לנירמול
B4: 1 | C4: מדדים תעריפיים (כולל מע"מ) | G4: MIN | H4: AVR | I4: MAX
B5: 1 | C5: מדגם מחירים (פריט שאינו נמכר, המחיר=999)
C6: 1.1 | D6: בלונים
D7: 1.1.1 | E7: מספר מחירונים זמינים | G7: 130 | H7: =(G7+I7)/2 -> 130 | I7: 130
D8: 1.1.2 | E8: מחיר מזערי במחירונים | G8: 60 | H8: =(G8+I8)/2 -> 60 | I8: 60
D9: 1.1.3 | E9: מחיר מירבי במחירונים | G9: 90 | H9: =(G9+I9)/2 -> 90 | I9: 90
C10: 1.2 | D10: כובעים
D11: 1.2.1 | E11: מספר מחירונים זמינים | G11: 60 | H11: =(G11+I11)/2 -> 60 | I11: 60
D12: 1.2.2 | E12: מחיר מזערי במחירונים | G12: 20 | H12: =(G12+I12)/2 -> 20 | I12: 20
D13: 1.2.3 | E13: מחיר מירבי במחירונים | G13: 30 | H13: =(G13+I13)/2 -> 30 | I13: 30
C14: 1.3 | D14: משקפיים
D15: 1.3.1 | E15: מספר מחירונים זמינים | G15: 5 | H15: =(G15+I15)/2 -> 5 | I15: 5
D16: 1.3.2 | E16: מחיר מזערי במחירונים | G16: 8 | H16: =(G16+I16)/2 -> 8 | I16: 8
D17: 1.3.3 | E17: מחיר מירבי במחירונים | G17: 22 | H17: =(G17+I17)/2 -> 22 | I17: 22
C18: 1.4 | D18: שרשראות
D19: 1.4.1 | E19: מספר מחירונים זמינים | G19: 5 | H19: =(G19+I19)/2 -> 5 | I19: 5
D20: 1.4.2 | E20: מחיר מזערי במחירונים | G20: 8 | H20: =(G20+I20)/2 -> 8 | I20: 8
D21: 1.4.3 | E21: מחיר מירבי במחירונים | G21: 22 | H21: =(G21+I21)/2 -> 22 | I21: 22
C22: 1.5 | D22: קונפטי
D23: 1.5.1 | E23: מספר מחירונים זמינים | G23: 5 | H23: =(G23+I23)/2 -> 5 | I23: 5
D24: 1.5.2 | E24: מחיר מזערי במחירונים | G24: 8 | H24: =(G24+I24)/2 -> 8 | I24: 8
D25: 1.5.3 | E25: מחיר מירבי במחירונים | G25: 22 | H25: =(G25+I25)/2 -> 22 | I25: 22
C26: 1.6 | D26: ספריי שלג
D27: 1.6.1 | E27: מספר מחירונים זמינים | G27: 5 | H27: =(G27+I27)/2 -> 5 | I27: 5
D28: 1.6.2 | E28: מחיר מזערי במחירונים | G28: 8 | H28: =(G28+I28)/2 -> 8 | I28: 8
D29: 1.6.3 | E29: מחיר מירבי במחירונים | G29: 22 | H29: =(G29+I29)/2 -> 22 | I29: 22
C30: 1.7 | D30: מתנפחים
D31: 1.7.1 | E31: מספר מחירונים זמינים | G31: 5 | H31: =(G31+I31)/2 -> 5 | I31: 5
D32: 1.7.2 | E32: מחיר מזערי במחירונים | G32: 8 | H32: =(G32+I32)/2 -> 8 | I32: 8
D33: 1.7.3 | E33: מחיר מירבי במחירונים | G33: 22 | H33: =(G33+I33)/2 -> 22 | I33: 22
C34: 1.8 | D34: דגלים
D35: 1.8.1 | E35: מספר מחירונים זמינים | G35: 5 | H35: =(G35+I35)/2 -> 5 | I35: 5
D36: 1.8.2 | E36: מחיר מזערי במחירונים | G36: 8 | H36: =(G36+I36)/2 -> 8 | I36: 8
D37: 1.8.3 | E37: מחיר מירבי במחירונים | G37: 22 | H37: =(G37+I37)/2 -> 22 | I37: 22
C38: 1.9 | D38: צמידים
D39: 1.9.1 | E39: מספר מחירונים זמינים | G39: 5 | H39: =(G39+I39)/2 -> 5 | I39: 5
D40: 1.9.2 | E40: מחיר מזערי במחירונים | G40: 8 | H40: =(G40+I40)/2 -> 8 | I40: 8
D41: 1.9.3 | E41: מחיר מירבי במחירונים | G41: 22 | H41: =(G41+I41)/2 -> 22 | I41: 22
C42: 1.1 | D42: מסכות
D43: 1.10.1 | E43: מספר מחירונים זמינים | G43: 5 | H43: =(G43+I43)/2 -> 5 | I43: 5
D44: 1.10.2 | E44: מחיר מזערי במחירונים | G44: 8 | H44: =(G44+I44)/2 -> 8 | I44: 8
D45: 1.10.3 | E45: מחיר מירבי במחירונים | G45: 22 | H45: =(G45+I45)/2 -> 22 | I45: 22
B47: 2 | C47: מחירי ואזורי שליחויות (במחוז העדר פעילות מלאה /חלקית המחיר=999)
C48: 1.1 | D48: צפון | G48: 150 | H48: =(G48+I48)/2 -> 150 | I48: 150
C49: 1.2 | D49: חיפה והקריות | G49: 66 | H49: =(G49+I49)/2 -> 66 | I49: 66
C50: 1.3 | D50: שרון | G50: 225 | H50: =(G50+I50)/2 -> 225 | I50: 225
C51: 1.4 | D51: מרכז | G51: 125 | H51: =(G51+I51)/2 -> 125 | I51: 125
C52: 1.5 | D52: גוש-דן | G52: 100 | H52: =(G52+I52)/2 -> 100 | I52: 100
C53: 1.6 | D53: ירושלים | G53: 100 | H53: =(G53+I53)/2 -> 100 | I53: 100
C54: 1.7 | D54: איו"ש | G54: 100 | H54: =(G54+I54)/2 -> 100 | I54: 100
C55: 1.8 | D55: שפלה | G55: 125 | H55: =(G55+I55)/2 -> 125 | I55: 125
C56: 1.9 | D56: דרום | G56: 55 | H56: =(G56+I56)/2 -> 55 | I56: 55
C57: 1.10 | D57: אילת | G57: 225 | H57: =(G57+I57)/2 -> 225 | I57: 225
B59: 2 | C59: ערכיות רב-שכבתית
B60: 2 | C60: מאפייני המוצרים והשירותים
B61: 2 | C61: שירות האונליין | D61: שירות האונליין
D62: 2.2.3 | E62: זמן אספקה מירבי מובטח של הזמנת שליחות (ימי עסקים) | G62: 5 | H62: =(G62+I62)/2 -> 5 | I62: 5
C64: 4 | D64: מאפייני המוצרים והשירותים הזמינים ברשת ובמלאי
D65: 2.2 | E65: תיקים
E66: 2.2.1 | F66: מספר מותגים שוננים | G66: 130 | H66: =(G66+I66)/2 -> 130 | I66: 130
E67: 2.2.2 | F67: מספר דגמים שונים | G67: 60 | H67: =(G67+I67)/2 -> 60 | I67: 60
D68: 2.3 | E68: ארנקים
E69: 2.3.1 | F69: מספר מותגים | G69: 130 | H69: =(G69+I69)/2 -> 130 | I69: 130
E70: 2.3.2 | F70: מספר דגמים שונים | G70: 60 | H70: =(G70+I70)/2 -> 60 | I70: 60
B72: 4 | C72: רמת שירות וממשקים
B73: 1 | C73: זמן תגובה לפניות בצור קשר /תמיכה של האתר (שעות) | G73: 3 | H73: =(G73+I73)/2 -> 3 | I73: 3
B74: 2 | C74: זמן המתנה ממוצע למענה טלפוני של המוקד
C75: 2.1 | D75: בשעות הפעילות (דקות) | G75: 3 | H75: =(G75+I75)/2 -> 3 | I75: 3
C76: 2.2 | D76: מעבר לשעות הפעילות (דקות) | G76: 6 | H76: =(G76+I76)/2 -> 6 | I76: 6
B78: 5 | C78: אמינות ושקיפות
B79: 4 | C79: מספר המדדים הנשאבים אוטומטית מהאתר | G79: 30 | H79: =(G79+I79)/2 -> 30 | I79: 30
B80: 7 | C80: נוכחות דיגיטלית
B81: 1 | C81: ביצועי האתר - מהירות גלישה (ישראל)
C82: 1.1 | D82: צבע תוכן ראשון (FCP) - שניות | G82: 3 | H82: =(G82+I82)/2 -> 5 | I82: 7
C83: 1.2 | D83: שינוי פריסה מצטבר (CLS) | G83: 2 | H83: =(G83+I83)/2 -> 5 | I83: 8
C84: 1.3 | D84: אינטראקציה לצביעה הבאה (INP) - מילישניות | G84: 1 | H84: =(G84+I84)/2 -> 3 | I84: 5
B86: 2 | C86: דירוג המקובלות ברשת
C87: 2.1 | D87: פופולריות יחסית לתחום הפעילות (ישראל) | G87: 1000 | H87: =(G87+I87)/2 -> 1945 | I87: 2890
C88: 2.2 | D88: מספר ביקורים חודשי - אלפים | G88: 100 | H88: =(G88+I88)/2 -> 438.5 | I88: 777
C89: 2.3 | D89: משך שהיה ממוצע באתר - דקות | G89: 1 | H89: =(G89+I89)/2 -> 5 | I89: 9
C90: 2.4 | D90: קישורים נכנסים לאתר - Backlinks - אלפים | G90: 1 | H90: =(G90+I90)/2 -> 5 | I90: 9
C91: 2.5 | D91: הפניות לאתר - Refferings - אלפים | G91: 1 | H91: =(G91+I91)/2 -> 5 | I91: 9
B93: 3 | C93: נוכחות בדיגיטל ובתקשורת
C94: 3.1 | D94: אזכורים ברשתות החברתיות - Engagements - אלפים | G94: 1 | H94: =(G94+I94)/2 -> 5 | I94: 9
C95: 3.2 | D95: אזכורים בתקשורת - אלפים | G95: 1 | H95: =(G95+I95)/2 -> 5 | I95: 9
C96: 3.3 | D96: מוניטין דיגיטלי - Digital Reputation - % | G96: -0.06 | H96: =(G96+I96)/2 -> 0.27 | I96: 0.6
C97: 3.4 | D97: טרנדיות - Trends - % | G97: -0.44 | H97: =(G97+I97)/2 -> 0.08 | I97: 0.6
C98: 3.5 | D98: ביקורות ודירוגים - Reviews - % | G98: 0.34 | H98: =(G98+I98)/2 -> 0.47 | I98: 0.6
