Workbook

Sheet Main
B2: Ver.#1 | H2: אביזרי פרזול, ידיות ומנעולים | I2: 23 | J2: חברות פעילות בתחום
B4: מוצרים | F4: החברה | G4: ________ | H4: מתוך | J4: חברות במערכת | T4: Website & Service improvement Guide
H5: ככל ששטח המצולע גדול יותר - החברה איכותית יותר. להגדלת התרשים - עמדו עליו: | T5: המלצות לשיפור האתר, השירות והמותג מהות ההמלצות לעדכון הפרמטרים הינה מקסימיזציה יחסית בהשוואה למיטבי מבין כלל אתרי תחום הפעילות ובכך לשדרג את מיקום האתר בדירוג הרייטינג הכולל והיחסי שלו
B6: דירוג הרייטינג היחסי הכולל | G6: > | H6: ככל שהדירוגים בעמודה גבוהים יותר - החברה איכותית יותר | I6: =(I8*H8 + I10*H10 + I12*H12 + I14*H14 + I16*H16 + I18*H18 + I22*H22)/SUM(H8,H10,H12,H14,H16,H18,H20,H22) -> 2.9947638
B8: 1 | C8: מדדים תעריפיים | H8: 1.8 | I8: =I30 -> 4.8051948
B10: 2 | C10: =C76 -> ערכיות רב-שכבתית | H10: 2 | I10: =I76 -> 2.6934762
B12: 3 | C12: =C159 -> גודל ופריסה | H12: 1.8 | I12: =I159 -> 2.4507952
B14: 4 | C14: =C165 -> רמת שירות וממשקים | H14: 1.4 | I14: =I165 -> 0
B16: 5 | C16: =C172 -> אמינות ושקיפות | H16: 1.5 | I16: =I172 -> 3.6
B18: 6 | C18: =C179 -> סייבר ושמירת פרטיות | H18: 1.4 | I18: =I179 -> 3.75
B22: 7 | C22: =C197 -> נוכחות דיגיטלית | H22: 0.6 | I22: =I197 -> 3.9121419
B30: 1 | C30: מדדים תעריפיים (כולל מע"מ) | H30: דירוג משוקלל מנורמל > | I30: =(I32*9+I54+I67)/11 -> 4.8051948 | N30: 1
H31: < | N31: איזור סניף /ים | P31: כן=5 / לא=0
B32: 1 | C32: מדגם מחירים (פריט שאינו נמכר, המחיר=999) | H32: << | I32: =(I33*3+I37*3+I41*3)/9 -> 5 | N32: 1 | O32: צפון | P32: 0
C33: 1.1 | D33: מתקני רשת | H33: < | I33: =(IF(I34=Normalize!G7,5,IF(I34<Normalize!G7,5,IF(I34>Normalize!I7,0,((I34-Normalize!G7)/(Normalize!I7-Normalize!G7))*5)))+IF(I35=Normalize!G8,5,IF(I35<Normalize!G8,5,IF(I35>Normalize!I8,0,5-((I35-Normalize!G8)/(Normalize!I8-Normalize!G8))*5)))+IF(I36=Normalize!G9,5,IF(I36<Normalize!G9,5,IF(I36>Normalize!I9,0,5-((I36-Normalize!G9)/(Normalize!I9-Normalize!G9))*5))))/3 -> 5 | L33: הערות /הבהרות למשתנים | N33: 2 | O33: חיפה והקריות | P33: 0
D34: 1.1.1 | E34: מספר דגמים שונים נמכרים וזמינים במלאי | H34: N | I34: 130 | K34: =D34 -> 1.1.1 | N34: 3 | O34: שרון | P34: 0
D35: 1.1.2 | E35: מחיר מירבי - לא מבצע של הדגם הזול ביותר מבין דגמי המוצר | H35: NV | I35: 60 | K35: =D35 -> 1.1.2 | N35: 4 | O35: מרכז | P35: 0
D36: 1.1.3 | E36: מחיר מירבי - לא מבצע של הדגם היקר ביותר מבין דגמי המוצר | H36: NV | I36: 90 | K36: =D36 -> 1.1.3 | N36: 5 | O36: גוש דן | P36: 5
C37: 1.2 | D37: מערכות הזזה | H37: < | I37: =(IF(I38=Normalize!G11,5,IF(I38<Normalize!G11,5,IF(I38>Normalize!I11,0,((I38-Normalize!G11)/(Normalize!I11-Normalize!G11))*5)))+IF(I39=Normalize!G12,5,IF(I39<Normalize!G12,5,IF(I39>Normalize!I12,0,5-((I39-Normalize!G12)/(Normalize!I12-Normalize!G12))*5)))+IF(I40=Normalize!G13,5,IF(I40<Normalize!G13,5,IF(I40>Normalize!I13,0,5-((I40-Normalize!G13)/(Normalize!I13-Normalize!G13))*5))))/3 -> 5 | N37: 6 | O37: ירושלים | P37: 0
D38: 1.2.1 | E38: מספר דגמים שונים נמכרים וזמינים במלאי | H38: N | I38: 60 | K38: =D38 -> 1.2.1 | N38: 7 | O38: איו"ש | P38: 0
D39: 1.2.2 | E39: מחיר מירבי - לא מבצע של הדגם הזול ביותר מבין דגמי המוצר | H39: NV | I39: 20 | K39: =D39 -> 1.2.2 | N39: 8 | O39: שפלה | P39: 0
D40: 1.2.3 | E40: מחיר מירבי - לא מבצע של הדגם היקר ביותר מבין דגמי המוצר | H40: NV | I40: 30 | K40: =D40 -> 1.2.3 | N40: 9 | O40: דרום | P40: 0
C41: 1.3 | D41: ידיות דלת מעוצבות | H41: < | I41: =(IF(I42=Normalize!G15,5,IF(I42<Normalize!G15,5,IF(I42>Normalize!I15,0,((I42-Normalize!G15)/(Normalize!I15-Normalize!G15))*5)))+IF(I43=Normalize!G16,5,IF(I43<Normalize!G16,5,IF(I43>Normalize!I16,0,5-((I43-Normalize!G16)/(Normalize!I16-Normalize!G16))*5)))+IF(I44=Normalize!G17,5,IF(I44<Normalize!G17,5,IF(I44>Normalize!I17,0,5-((I44-Normalize!G17)/(Normalize!I17-Normalize!G17))*5))))/3 -> 5 | N41: 10 | O41: אילת | P41: 0
D42: 1.3.1 | E42: מספר דגמים שונים נמכרים וזמינים במלאי | H42: N | I42: 5 | K42: =D42 -> 1.3.1 | P42: =SUM(P32:P41)/5 -> 1
D43: 1.3.2 | E43: מחיר מירבי - לא מבצע של הדגם הזול ביותר מבין דגמי המוצר | H43: NV | I43: 8 | K43: =D43 -> 1.3.2
D44: 1.3.3 | E44: מחיר מירבי - לא מבצע של הדגם היקר ביותר מבין דגמי המוצר | H44: NV | I44: 22 | K44: =D44 -> 1.3.3
C45: 1.4 | D45: ידיות מגרה - משיכה | H45: < | I45: =(IF(I46=Normalize!G19,5,IF(I46<Normalize!G19,5,IF(I46>Normalize!I19,0,((I46-Normalize!G19)/(Normalize!I19-Normalize!G19))*5)))+IF(I47=Normalize!G20,5,IF(I47<Normalize!G20,5,IF(I47>Normalize!I20,0,5-((I47-Normalize!G20)/(Normalize!I20-Normalize!G20))*5)))+IF(I48=Normalize!G21,5,IF(I48<Normalize!G21,5,IF(I48>Normalize!I21,0,5-((I48-Normalize!G21)/(Normalize!I21-Normalize!G21))*5))))/3 -> 5
D46: 1.4.1 | E46: מספר דגמים שונים נמכרים וזמינים במלאי | H46: N | I46: 5 | K46: =D46 -> 1.4.1 | N46: 2
D47: 1.4.2 | E47: מחיר מירבי - לא מבצע של הדגם הזול ביותר מבין דגמי המוצר | H47: NV | I47: 8 | K47: =D47 -> 1.4.2 | N47: ישובי סניף /ים /שליחויות /שירות | P47: כן=5 / לא=0 | Q47: איזור
D48: 1.4.3 | E48: מחיר מירבי - לא מבצע של הדגם היקר ביותר מבין דגמי המוצר | H48: NV | I48: 22 | K48: =D48 -> 1.4.3 | N48: 1 | O48: בית שאן | P48: 0 | Q48: צפון
C49: 1.5 | D49: מנעול מגירת משיכה | H49: < | I49: =(IF(I50=Normalize!G23,5,IF(I50<Normalize!G23,5,IF(I50>Normalize!I23,0,((I50-Normalize!G23)/(Normalize!I23-Normalize!G23))*5)))+IF(I51=Normalize!G24,5,IF(I51<Normalize!G24,5,IF(I51>Normalize!I24,0,5-((I51-Normalize!G24)/(Normalize!I24-Normalize!G24))*5)))+IF(I52=Normalize!G25,5,IF(I52<Normalize!G25,5,IF(I52>Normalize!I25,0,5-((I52-Normalize!G25)/(Normalize!I25-Normalize!G25))*5))))/3 -> 5 | N49: 2 | O49: טבריה | P49: 0 | Q49: צפון
D50: 1.5.1 | E50: מספר דגמים שונים נמכרים וזמינים במלאי | H50: N | I50: 5 | K50: =D50 -> 1.5.1 | N50: 3 | O50: טירת כרמל | P50: 0 | Q50: צפון
D51: 1.5.2 | E51: מחיר מירבי - לא מבצע של הדגם הזול ביותר מבין דגמי המוצר | H51: NV | I51: 8 | K51: =D51 -> 1.5.2 | N51: 4 | O51: טמרה | P51: 0 | Q51: צפון
D52: 1.5.3 | E52: מחיר מירבי - לא מבצע של הדגם היקר ביותר מבין דגמי המוצר | H52: NV | I52: 22 | K52: =D52 -> 1.5.3 | N52: 5 | O52: יקנעם עילית | P52: 0 | Q52: צפון
N53: 6 | O53: כרמיאל | P53: 0 | Q53: צפון
B54: 2 | C54: מחירי שירות /משלוח (באיזור העדר שליחות, המחיר=999) | H54: < | I54: =(IF(I55=Normalize!G28,5,IF(I55<Normalize!G28,5,IF(I55>Normalize!I28,0,5-((I55-Normalize!G28)/(Normalize!I28-Normalize!G28))*5)))+ IF(I56=Normalize!G29,5,IF(I56<Normalize!G29,5,IF(I56>Normalize!I29,0,5-((I56-Normalize!G29)/(Normalize!I29-Normalize!G29))*5)))+ IF(I57=Normalize!G30,5,IF(I57<Normalize!G30,5,IF(I57>Normalize!I30,0,5-((I57-Normalize!G30)/(Normalize!I30-Normalize!G30))*5)))+ IF(I58=Normalize!G31,5,IF(I58<Normalize!G31,5,IF(I58>Normalize!I31,0,5-((I58-Normalize!G31)/(Normalize!I31-Normalize!G31))*5)))+ IF(I59=Normalize!G32,5,IF(I59<Normalize!G32,5,IF(I59>Normalize!I32,0,5-((I59-Normalize!G32)/(Normalize!I32-Normalize!G32))*5)))+ IF(I60=Normalize!G33,5,IF(I60<Normalize!G33,5,IF(I60>Normalize!I33,0,5-((I60-Normalize!G33)/(Normalize!I33-Normalize!G33))*5)))+ IF(I61=Normalize!G34,5,IF(I61<Normalize!G34,5,IF(I61>Normalize!I34,0,5-((I61-Normalize!G34)/(Normalize!I34-Normalize!G34))*5)))+ IF(I62=Normalize!G35,5,IF(I62<Normalize!G35,5,IF(I62>Normalize!I35,0,5-((I62-Normalize!G35)/(Normalize!I35-Normalize!G35))*5)))+ IF(I63=Normalize!G36,5,IF(I63<Normalize!G36,5,IF(I63>Normalize!I36,0,5-((I63-Normalize!G36)/(Normalize!I36-Normalize!G36))*5)))+ IF(I64=Normalize!G37,5,IF(I64<Normalize!G37,5,IF(I64>Normalize!I37,0,5-((I64-Normalize!G37)/(Normalize!I37-Normalize!G37))*5)))+ IF(I65=Normalize!G38,5,IF(I65<Normalize!G38,5,IF(I65>Normalize!I38,0,5-((I65-Normalize!G38)/(Normalize!I38-Normalize!G38))*5))))/11 -> 5 | N54: 7 | O54: מגדל העמק | P54: 0 | Q54: צפון
C55: 1.1 | D55: דואר רשום | H55: NV | I55: 35 | K55: =C55 -> 1.1 | N55: 8 | O55: מעלות- תרשיחא | P55: 5 | Q55: צפון
C56: 1.2 | D56: צפון | H56: NV | I56: 125 | K56: =C56 -> 1.2 | N56: 9 | O56: נהריה | P56: 0 | Q56: צפון
C57: 1.3 | D57: חיפה והקריות | H57: NV | I57: 66 | K57: =C57 -> 1.3 | N57: 10 | O57: נוף הגליל | P57: 0 | Q57: צפון | R57: 1
C58: 1.4 | D58: שרון | H58: NV | I58: 200 | K58: =C58 -> 1.4 | N58: 11 | O58: נצרת | P58: 5 | Q58: צפון
C59: 1.5 | D59: מרכז | H59: NV | I59: 90 | K59: =C59 -> 1.5 | N59: 12 | O59: נשר | P59: 0 | Q59: צפון
C60: 1.6 | D60: גוש-דן | H60: NV | I60: 50 | K60: =C60 -> 1.6 | N60: 13 | O60: סח'נין | P60: 0 | Q60: צפון
C61: 1.7 | D61: ירושלים | H61: NV | I61: 40 | K61: =C61 -> 1.7 | N61: 14 | O61: עכו | P61: 0 | Q61: צפון
C62: 1.8 | D62: איו"ש | H62: NV | I62: 45 | K62: =C62 -> 1.8 | N62: 15 | O62: עפולה | P62: 0 | Q62: צפון
C63: 1.9 | D63: שפלה | H63: NV | I63: 30 | K63: =C63 -> 1.9 | N63: 16 | O63: עראבה | P63: 0 | Q63: צפון
C64: 1.10 | D64: דרום | H64: NV | I64: 35 | K64: =C64 -> 1.10 | N64: 17 | O64: צפת | P64: 0 | Q64: צפון
C65: 1.11 | D65: אילת | H65: NV | I65: 200 | K65: =C65 -> 1.11 | N65: 18 | O65: שפרעם | P65: 0 | Q65: צפון
N66: 19 | O66: קריית שמונה | P66: 0 | Q66: צפון
B67: 3 | C67: אמצעי תשלום ואשראי זמינים | H67: < | I67: =SUM(I68:I74)/7 -> 2.8571429 | N67: 20 | O67: חיפה | P67: 0 | Q67: חיפה והקריות
C68: 3.1 | D68: העברות | H68: כן=5 / לא=0 | I68: 5 | K68: =C68 -> 3.1 | N68: 21 | O68: קריית אתא | P68: 0 | Q68: חיפה והקריות
C69: 3.2 | D69: פייפאל | H69: כן=5 / לא=0 | I69: 5 | K69: =C69 -> 3.2 | N69: 22 | O69: קריית ביאליק | P69: 5 | Q69: חיפה והקריות | R69: 2
C70: 3.3 | D70: אפליקציות תשלומים | H70: כן=5 / לא=0 | I70: 0 | K70: =C70 -> 3.3 | N70: 23 | O70: קריית ים | P70: 0 | Q70: חיפה והקריות
C71: 3.4 | D71: ביטקוין | H71: כן=5 / לא=0 | I71: 0 | K71: =C71 -> 3.4 | N71: 24 | O71: קריית מוצקין | P71: 0 | Q71: חיפה והקריות
C72: 3.5 | D72: כרטיסי אשראי | H72: כן=5 / לא=0 | I72: 5 | K72: =C72 -> 3.5 | N72: 25 | O72: הוד השרון | P72: 0 | Q72: שרון
C73: 3.6 | D73: כרטיסי חיוב ישיר | H73: כן=5 / לא=0 | I73: 0 | K73: =C73 -> 3.6 | N73: 26 | O73: אום אל-פחם | P73: 0 | Q73: שרון
C74: 3.7 | D74: פריסה ל- 12 תשלומים לפחות ללא ריבית בכל אמצעי התשלום | H74: כן=5 / לא=0 | I74: 5 | K74: =C74 -> 3.7 | N74: 27 | O74: אור עקיבא | P74: 0 | Q74: שרון
N75: 28 | O75: באקה אל-גרבייה | P75: 0 | Q75: שרון
B76: 2 | C76: ערכיות רב-שכבתית | H76: דירוג משוקלל מנורמל > | I76: =(I78*4+I84*3+I89*3+I94*56)/66 -> 2.6934762 | N76: 29 | O76: חדרה | P76: 0 | Q76: שרון
N77: 30 | O77: טייבה | P77: 0 | Q77: שרון
B78: 1 | C78: שקיפות וגילוי נאות | H78: < | I78: =SUM(I79:I82)/4 -> 2.5 | N78: 31 | O78: טירה | P78: 0 | Q78: שרון | R78: 3
C79: 1.1 | D79: מחירון מפורט מלא באתר לכל מוצר | H79: כן=5 / לא=0 | I79: 5 | K79: =C79 -> 1.1 | N79: 32 | O79: כפר יונה | P79: 0 | Q79: שרון
C80: 1.2 | D80: כל מוצר מלווה באתר בתמונה | H80: כן=5 / לא=0 | I80: 0 | K80: =C80 -> 1.2 | N80: 33 | O80: כפר סבא | P80: 0 | Q80: שרון
C81: 1.3 | D81: כל מוצר מלווה במפרט טכני מלא | H81: כן=5 / לא=0 | I81: 0 | K81: =C81 -> 1.3 | N81: 34 | O81: כפר קאסם | P81: 0 | Q81: שרון
C82: 1.4 | D82: כל המוצרים באתר מצויים במלאי | H82: כן=5 / לא=0 | I82: 5 | K82: =C82 -> 1.4 | N82: 35 | O82: נתניה | P82: 0 | Q82: שרון
N83: 36 | O83: קלנסווה | P83: 0 | Q83: שרון
B84: 2 | C84: שירות האונליין | H84: < | I84: =(SUM(I85:I86)+IF(I87=Normalize!G43,5,IF(I87<Normalize!G43,5,IF(I87>Normalize!I43,0,5-((I87-Normalize!G43)/(Normalize!I43-Normalize!G43))*5))))/3 -> 3.3333333 | N84: 37 | O84: רעננה | P84: 0 | Q84: שרון
C85: 2.1 | D85: כולל את מלוא מוצרי הרשת שבמכירה פיזית | H85: כן=5 / לא=0 | I85: 5 | K85: =C85 -> 2.1 | N85: 38 | O85: אלעד | P85: 0 | Q85: מרכז
C86: 2.2 | D86: מחיר הפריטים אינו עולה על המחיר ברשת הפיזית | H86: כן=5 / לא=0 | I86: 0 | K86: =C86 -> 2.2 | N86: 39 | O86: אור יהודה | P86: 0 | Q86: מרכז
C87: 2.3 | D87: זמן אספקה מירבי מובטח של הזמנת שליחות (ימי עסקים) | H87: NV | I87: 0 | K87: =C87 -> 2.3 | N87: 40 | O87: באר יעקב | P87: 0 | Q87: מרכז
N88: 41 | O88: גבעת שמואל | P88: 0 | Q88: מרכז
B89: 3 | C89: סניפים פיזיים (לצפיה ברשימת סניפי הרשת - הקליקו על שם החברה בראש העמודה) | H89: < | I89: =((I90/8)*5+(I91/79)*5+I92)/3 -> 0.14767932 | N89: 42 | O89: יהוד-מונוסון | P89: 0 | Q89: מרכז | R89: 4
C90: 2.1 | D90: מספר מחוזות פריסה | H90: 1-8 | I90: =P41 -> 0 | J90: < | K90: =C90 -> 2.1 | N90: 43 | O90: פתח תקווה | P90: 0 | Q90: מרכז
C91: 2.2 | D91: מספר ישובי פריסה | H91: 1-79 | I91: =P127 -> 7 | J91: < | K91: =C91 -> 2.2 | N91: 44 | O91: קריית אונו | P91: 0 | Q91: מרכז
C92: 2.3 | D92: לכל הסניפים הפיזיים חניה זמינה וחופשית | H92: כן=5 / לא=0 | I92: 0 | K92: =C92 -> 2.3 | N92: 45 | O92: ראש העין | P92: 5 | Q92: מרכז
N93: 46 | O93: רמת השרון | P93: 0 | Q93: מרכז
B94: 4 | C94: מאפייני המוצרים והשירותים הנמכרים וזמינים במלאי | H94: <<< | I94: =(I95*6+I121*18+I102*32)/56 -> 2.8093998 | N94: 47 | O94: בני ברק | P94: 0 | Q94: גוש-דן
C95: 4.1 | D95: סוגי שירותים | H95: << | I95: =SUM(I96:I101)/6 -> 2.5 | N95: 48 | O95: בת ים | P95: 0 | Q95: גוש-דן
D96: 4.1.1 | E96: עיצוב, תכנון וייצור על פי מפרט הלקוח | H96: כן=5 / לא=0 | I96: 0 | K96: =D96 -> 4.1.1 | N96: 49 | O96: גבעתיים | P96: 0 | Q96: גוש-דן
D97: 4.1.2 | E97: ייצור | H97: כן=5 / לא=0 | I97: 5 | K97: =D97 -> 4.1.2 | N97: 50 | O97: הרצליה | P97: 0 | Q97: גוש-דן
D98: 4.1.3 | E98: יבוא | H98: כן=5 / לא=0 | I98: 0 | K98: =D98 -> 4.1.3 | N98: 51 | O98: חולון | P98: 0 | Q98: גוש-דן | R98: 5
D99: 4.1.4 | E99: מכירה | H99: כן=5 / לא=0 | I99: 5 | K99: =D99 -> 4.1.4 | N99: 52 | O99: רמת גן | P99: 0 | Q99: גוש-דן
D100: 4.1.5 | E100: מכירת אביזרי וכלי התקנה משלימים | H100: כן=5 / לא=0 | I100: 5 | K100: =D100 -> 4.1.5 | N100: 53 | O100: תל אביב-יפו | P100: 0 | Q100: גוש-דן
D101: 4.1.6 | E101: התקנה | H101: כן=5 / לא=0 | I101: 0 | K101: =D101 -> 4.1.6 | N101: 54 | O101: בית שמש | P101: 0 | Q101: ירושלים
C102: 4.2 | D102: ייעוד /סוג | H102: << | I102: =SUM(I103:I120)/18 -> 2.7777778 | N102: 55 | O102: ירושלים | P102: 0 | Q102: ירושלים | R102: 6
D103: 4.2.1 | E103: אביזרי תלייה | H103: כן=5 / לא=0 | I103: 0 | K103: =D103 -> 4.2.1 | N103: 56 | O103: אריאל | P103: 0 | Q103: איו"ש
D104: 4.2.2 | E104: אריחי מתכת | H104: כן=5 / לא=0 | I104: 5 | K104: =D104 -> 4.2.2 | N104: 57 | O104: ביתר עילית | P104: 0 | Q104: איו"ש | R104: 7
D105: 4.2.3 | E105: דקורטיבי | H105: כן=5 / לא=0 | I105: 0 | K105: =D105 -> 4.2.3 | N105: 58 | O105: מודיעין עילית | P105: 0 | Q105: איו"ש
D106: 4.2.4 | E106: זרועות ומתקני הרמה | H106: כן=5 / לא=0 | I106: 5 | K106: =D106 -> 4.2.4 | N106: 59 | O106: מעלה אדומים | P106: 0 | Q106: איו"ש
D107: 4.2.5 | E107: לאמבטיה | H107: כן=5 / לא=0 | I107: 5 | K107: =D107 -> 4.2.5 | N107: 60 | O107: אשדוד | P107: 0 | Q107: שפלה
D108: 4.2.6 | E108: לארונות | H108: כן=5 / לא=0 | I108: 0 | K108: =D108 -> 4.2.6 | N108: 61 | O108: אשקלון | P108: 0 | Q108: שפלה
D109: 4.2.7 | E109: לבניין | H109: כן=5 / לא=0 | I109: 5 | K109: =D109 -> 4.2.7 | N109: 62 | O109: באר יעקב | P109: 5 | Q109: שפלה
D110: 4.2.8 | E110: לחדרי שירותים | H110: כן=5 / לא=0 | I110: 0 | K110: =D110 -> 4.2.8 | N110: 63 | O110: יבנה | P110: 0 | Q110: שפלה
D111: 4.2.9 | E111: לחלונות ודלתות | H111: כן=5 / לא=0 | I111: 5 | K111: =D111 -> 4.2.9 | N111: 64 | O111: לוד | P111: 5 | Q111: שפלה
D112: 4.2.10 | E112: למטבח | H112: כן=5 / לא=0 | I112: 0 | K112: =D112 -> 4.2.10 | N112: 65 | O112: מודיעין- מכבים- רעות | P112: 0 | Q112: שפלה | R112: 8
D113: 4.2.11 | E113: לרהיטי תינוקות | H113: כן=5 / לא=0 | I113: 5 | K113: =D113 -> 4.2.11 | N113: 66 | O113: נס ציונה | P113: 0 | Q113: שפלה
D114: 4.2.12 | E114: לרהיטים | H114: כן=5 / לא=0 | I114: 5 | K114: =D114 -> 4.2.12 | N114: 67 | O114: קריית גת | P114: 0 | Q114: שפלה
D115: 4.2.13 | E115: מוטות וילונות | H115: כן=5 / לא=0 | I115: 0 | K115: =D115 -> 4.2.13 | N115: 68 | O115: קריית מלאכי | P115: 0 | Q115: שפלה
D116: 4.2.14 | E116: מוצרי בטיחות לילדים | H116: כן=5 / לא=0 | I116: 5 | K116: =D116 -> 4.2.14 | N116: 69 | O116: ראשון לציון | P116: 0 | Q116: שפלה
D117: 4.2.15 | E117: מתקני אחסון | H117: כן=5 / לא=0 | I117: 0 | K117: =D117 -> 4.2.15 | N117: 70 | O117: רחובות | P117: 0 | Q117: שפלה
D118: 4.2.16 | E118: פתרונות נעילה | H118: כן=5 / לא=0 | I118: 5 | K118: =D118 -> 4.2.16 | N118: 71 | O118: רמלה | P118: 5 | Q118: שפלה
...

Sheet Normalize
B2: פרמטרים לנירמול
B4: 1 | C4: מדדים תעריפיים (כולל מע"מ) | G4: MIN | H4: AVR | I4: MAX
B5: 1 | C5: מדגם מחירים (פריט שאינו נמכר, המחיר=999)
C6: 1.1 | D6: מתקני רשת
D7: 1.1.1 | E7: מספר דגמים שונים נמכרים וזמינים במלאי | G7: 130 | H7: =(G7+I7)/2 -> 130 | I7: 130
D8: 1.1.2 | E8: מחיר מירבי - לא מבצע של הדגם הזול ביותר מבין דגמי המוצר | G8: 60 | H8: =(G8+I8)/2 -> 60 | I8: 60
D9: 1.1.3 | E9: מחיר מירבי - לא מבצע של הדגם היקר ביותר מבין דגמי המוצר | G9: 90 | H9: =(G9+I9)/2 -> 90 | I9: 90
C10: 1.2 | D10: מערכות הזזה
D11: 1.2.1 | E11: מספר דגמים שונים נמכרים וזמינים במלאי | G11: 60 | H11: =(G11+I11)/2 -> 60 | I11: 60
D12: 1.2.2 | E12: מחיר מירבי - לא מבצע של הדגם הזול ביותר מבין דגמי המוצר | G12: 20 | H12: =(G12+I12)/2 -> 20 | I12: 20
D13: 1.2.3 | E13: מחיר מירבי - לא מבצע של הדגם היקר ביותר מבין דגמי המוצר | G13: 30 | H13: =(G13+I13)/2 -> 30 | I13: 30
C14: 1.3 | D14: ידיות דלת מעוצבות
D15: 1.3.1 | E15: מספר דגמים שונים נמכרים וזמינים במלאי | G15: 5 | H15: =(G15+I15)/2 -> 5 | I15: 5
D16: 1.3.2 | E16: מחיר מירבי - לא מבצע של הדגם הזול ביותר מבין דגמי המוצר | G16: 8 | H16: =(G16+I16)/2 -> 8 | I16: 8
D17: 1.3.3 | E17: מחיר מירבי - לא מבצע של הדגם היקר ביותר מבין דגמי המוצר | G17: 22 | H17: =(G17+I17)/2 -> 22 | I17: 22
C18: 1.4 | D18: ידיות מגרה - משיכה
D19: 1.4.1 | E19: מספר דגמים שונים נמכרים וזמינים במלאי | G19: 5 | H19: =(G19+I19)/2 -> 5 | I19: 5
D20: 1.4.2 | E20: מחיר מירבי - לא מבצע של הדגם הזול ביותר מבין דגמי המוצר | G20: 8 | H20: =(G20+I20)/2 -> 8 | I20: 8
D21: 1.4.3 | E21: מחיר מירבי - לא מבצע של הדגם היקר ביותר מבין דגמי המוצר | G21: 22 | H21: =(G21+I21)/2 -> 22 | I21: 22
C22: 1.5 | D22: מנעול מגירת משיכה
D23: 1.5.1 | E23: מספר דגמים שונים נמכרים וזמינים במלאי | G23: 5 | H23: =(G23+I23)/2 -> 5 | I23: 5
D24: 1.5.2 | E24: מחיר מירבי - לא מבצע של הדגם הזול ביותר מבין דגמי המוצר | G24: 8 | H24: =(G24+I24)/2 -> 8 | I24: 8
D25: 1.5.3 | E25: מחיר מירבי - לא מבצע של הדגם היקר ביותר מבין דגמי המוצר | G25: 22 | H25: =(G25+I25)/2 -> 22 | I25: 22
B27: 2 | C27: מחירי שירות /משלוח (באיזור העדר שליחות, המחיר=999)
C28: 1.1 | D28: דואר רשום | G28: 35 | H28: =(G28+I28)/2 -> 35 | I28: 35
C29: 1.3 | D29: חיפה והקריות | G29: 125 | H29: =(G29+I29)/2 -> 125 | I29: 125
C30: 1.2 | D30: צפון | G30: 66 | H30: =(G30+I30)/2 -> 66 | I30: 66
C31: 1.4 | D31: שרון | G31: 200 | H31: =(G31+I31)/2 -> 200 | I31: 200
C32: 1.5 | D32: מרכז | G32: 90 | H32: =(G32+I32)/2 -> 90 | I32: 90
C33: 1.6 | D33: גוש-דן | G33: 50 | H33: =(G33+I33)/2 -> 50 | I33: 50
C34: 1.7 | D34: ירושלים | G34: 40 | H34: =(G34+I34)/2 -> 40 | I34: 40
C35: 1.8 | D35: איו"ש | G35: 45 | H35: =(G35+I35)/2 -> 45 | I35: 45
C36: 1.9 | D36: שפלה | G36: 30 | H36: =(G36+I36)/2 -> 30 | I36: 30
C37: 1.10 | D37: דרום | G37: 35 | H37: =(G37+I37)/2 -> 35 | I37: 35
C38: 1.11 | D38: אילת | G38: 200 | H38: =(G38+I38)/2 -> 200 | I38: 200
B40: 2 | C40: ערכיות רב-שכבתית
B41: 2 | C41: מאפייני המוצרים והשירותים
B42: 2 | C42: שירות האונליין | D42: שירות האונליין
D43: 2.2.3 | E43: זמן אספקה מירבי מובטח של הזמנת שליחות (ימי עסקים) | G43: 5 | H43: =(G43+I43)/2 -> 5 | I43: 5
B45: 4 | C45: רמת שירות וממשקים
B46: 1 | C46: זמן תגובה לפניות בצור קשר /תמיכה של האתר (שעות) | G46: 3 | H46: =(G46+I46)/2 -> 3 | I46: 3
B47: 2 | C47: זמן המתנה ממוצע למענה טלפוני של המוקד
C48: 2.1 | D48: בשעות הפעילות (דקות) | G48: 3 | H48: =(G48+I48)/2 -> 3 | I48: 3
C49: 2.2 | D49: מעבר לשעות הפעילות (דקות) | G49: 6 | H49: =(G49+I49)/2 -> 6 | I49: 6
B51: 5 | C51: אמינות ושקיפות
B52: 4 | C52: מספר המדדים הנשאבים אוטומטית מהאתר | G52: 30 | H52: =(G52+I52)/2 -> 30 | I52: 30
B53: 7 | C53: נוכחות דיגיטלית
B54: 1 | C54: ביצועי האתר - מהירות גלישה (ישראל)
C55: 1.1 | D55: צבע תוכן ראשון (FCP) - שניות | G55: 3 | H55: =(G55+I55)/2 -> 5 | I55: 7
C56: 1.2 | D56: שינוי פריסה מצטבר (CLS) | G56: 2 | H56: =(G56+I56)/2 -> 5 | I56: 8
C57: 1.3 | D57: אינטראקציה לצביעה הבאה (INP) - מילישניות | G57: 1 | H57: =(G57+I57)/2 -> 3 | I57: 5
B59: 2 | C59: דירוג המקובלות ברשת
C60: 2.1 | D60: פופולריות יחסית לתחום הפעילות (ישראל) | G60: 1000 | H60: =(G60+I60)/2 -> 1945 | I60: 2890
C61: 2.2 | D61: מספר ביקורים חודשי - אלפים | G61: 100 | H61: =(G61+I61)/2 -> 438.5 | I61: 777
C62: 2.3 | D62: משך שהיה ממוצע באתר - דקות | G62: 1 | H62: =(G62+I62)/2 -> 5 | I62: 9
C63: 2.4 | D63: קישורים נכנסים לאתר - Backlinks - אלפים | G63: 1 | H63: =(G63+I63)/2 -> 5 | I63: 9
C64: 2.5 | D64: הפניות לאתר - Refferings - אלפים | G64: 1 | H64: =(G64+I64)/2 -> 5 | I64: 9
B66: 3 | C66: נוכחות בדיגיטל ובתקשורת
C67: 3.1 | D67: אזכורים ברשתות החברתיות - Engagements - אלפים | G67: 1 | H67: =(G67+I67)/2 -> 5 | I67: 9
C68: 3.2 | D68: אזכורים בתקשורת - אלפים | G68: 1 | H68: =(G68+I68)/2 -> 5 | I68: 9
C69: 3.3 | D69: מוניטין דיגיטלי - Digital Reputation - % | G69: -0.06 | H69: =(G69+I69)/2 -> 0.27 | I69: 0.6
C70: 3.4 | D70: טרנדיות - Trends - % | G70: -0.44 | H70: =(G70+I70)/2 -> 0.08 | I70: 0.6
C71: 3.5 | D71: ביקורות ודירוגים - Reviews - % | G71: 0.34 | H71: =(G71+I71)/2 -> 0.47 | I71: 0.6
