Workbook

Sheet Main
B2: Ver.#1 | H2: קופות גמל לניהול כספי תגמולים לעצמאיים | I2: 30 | J2: חברות פעילות בתחום
B4: השקעות | F4: החברה | G4: ________ | H4: מתוך | J4: חברות במערכת | N4: Website & Service improvement Guide
H5: ככל ששטח המצולע גדול יותר - החברה איכותית יותר. להגדלת התרשים - עמדו עליו: | N5: המלצות לשיפור האתר, השירות והמותג מהות ההמלצות לעדכון הפרמטרים הינה מקסימיזציה יחסית בהשוואה למיטבי מבין כלל אתרי תחום הפעילות ובכך לשדרג את מיקום האתר בדירוג הרייטינג הכולל והיחסי שלו
B6: דירוג הרייטינג היחסי הכולל | G6: > | H6: ככל שהדירוגים בעמודה גבוהים יותר - החברה איכותית יותר | I6: =(I8*H8 + I10*H10 + I12*H12 + I14*H14 + I16*H16 + I18*H18 + I20*H20 + I28*H28 + I30*H30)/SUM(H8,H10,H12,H14,H16,H18,H20,H22,H28,H30) -> 3.2201063
B8: 1 | C8: מדגם תעריפים | H8: 2 | I8: =I32 -> 5
B10: 2 | C10: ביצועים ממוצעים | H10: 1.8 | I10: =I71 -> 1.9092938
B14: 3 | C14: =C90 -> ערכיות רב-שכבתית | H14: 1.6 | I14: =I90 -> 3.0769231
B16: 4 | C16: =C169 -> גודל ופריסה | H16: 1.4 | I16: =I169 -> 2.4145299
B18: 5 | C18: =C174 -> רמת שירות וממשקים | H18: 1.5 | I18: =I174 -> 2.1875
B20: 6 | C20: =C181 -> אמינות ושקיפות | H20: 1.4 | I20: =I188 -> 3.75
B28: 7 | C28: =C188 -> סייבר ושמירת פרטיות | H28: 1 | I28: =I188 -> 3.75
B30: 8 | C30: =C206 -> נוכחות דיגיטלית | H30: 1 | I30: =I206 -> 3.6538462
B32: 1 | C32: מדגם תעריפים מירביים (כולל מע"מ) | H32: דירוג משוקלל מנורמל > | I32: =I33 -> 5
B33: 1 | C33: מדגם תעריפים - תעריף שאינו זמין, המחיר=999) | H33: << | I33: =(I34*3+I38*3+I42*3+I46*3+I50*3+I54*3+I58*3+I62*3+I66*3)/27 -> 5
C34: 1.1 | D34: תשלום דמי ניהול – % לשנה | H34: < | I34: =(IF(I35=Normalize!G5,5,IF(I35<Normalize!G5,5,IF(I35>Normalize!I5,0,((I35-Normalize!G5)/(Normalize!I5-Normalize!G5))*5)))+IF(I36=Normalize!G6,5,IF(I36<Normalize!G6,5,IF(I36>Normalize!I6,0,5-((I36-Normalize!G6)/(Normalize!I6-Normalize!G6))*5)))+IF(I37=Normalize!G7,5,IF(I37<Normalize!G7,5,IF(I37>Normalize!I7,0,5-((I37-Normalize!G7)/(Normalize!I7-Normalize!G7))*5))))/3 -> 5 | L34: הערות /הבהרות למשתנים
D35: 1.1.1 | E35: מספר מחירונים זמינים | H35: N | I35: 5 | K35: =D35 -> 1.1.1
D36: 1.1.2 | E36: מחיר מזערי במחירונים | H36: NV | I36: 0.006 | K36: =D36 -> 1.1.2
D37: 1.1.3 | E37: מחיר מירבי במחירונים | H37: NV | I37: 0.008 | K37: =D37 -> 1.1.3
C38: 1.2 | D38: ייעוץ בתחום הפנסיוני –מחיר שעה | H38: < | I38: =(IF(I39=Normalize!G9,5,IF(I39<Normalize!G9,5,IF(I39>Normalize!I9,0,((I39-Normalize!G9)/(Normalize!I9-Normalize!G9))*5)))+IF(I40=Normalize!G10,5,IF(I40<Normalize!G10,5,IF(I40>Normalize!I10,0,5-((I40-Normalize!G10)/(Normalize!I10-Normalize!G10))*5)))+IF(I41=Normalize!G11,5,IF(I41<Normalize!G11,5,IF(I41>Normalize!I11,0,5-((I41-Normalize!G11)/(Normalize!I11-Normalize!G11))*5))))/3 -> 5
D39: 1.2.1 | E39: מספר מחירונים זמינים | H39: N | I39: 5 | K39: =D39 -> 1.2.1
D40: 1.2.2 | E40: מחיר מזערי במחירונים | H40: NV | I40: 80 | K40: =D40 -> 1.2.2
D41: 1.2.3 | E41: מחיר מירבי במחירונים | H41: NV | I41: 90 | K41: =D41 -> 1.2.3
C42: 1.3 | D42: ניהול תיק השקעות אישי – % מהסכום המנוהל | H42: < | I42: =(IF(I43=Normalize!G13,5,IF(I43<Normalize!G13,5,IF(I43>Normalize!I13,0,((I43-Normalize!G13)/(Normalize!I13-Normalize!G13))*5)))+IF(I44=Normalize!G14,5,IF(I44<Normalize!G14,5,IF(I44>Normalize!I14,0,5-((I44-Normalize!G14)/(Normalize!I14-Normalize!G14))*5)))+IF(I45=Normalize!G15,5,IF(I45<Normalize!G15,5,IF(I45>Normalize!I15,0,5-((I45-Normalize!G15)/(Normalize!I15-Normalize!G15))*5))))/3 -> 5
D43: 1.3.1 | E43: מספר מחירונים זמינים | H43: N | I43: 5 | K43: =D43 -> 1.3.1
D44: 1.3.2 | E44: מחיר מזערי במחירונים | H44: NV | I44: 0.006 | K44: =D44 -> 1.3.2
D45: 1.3.3 | E45: מחיר מירבי במחירונים | H45: NV | I45: 0.008 | K45: =D45 -> 1.3.3
C46: 1.4 | D46: עמלות הפקדה /משיכה – % | H46: < | I46: =(IF(I47=Normalize!G17,5,IF(I47<Normalize!G17,5,IF(I47>Normalize!I17,0,((I47-Normalize!G17)/(Normalize!I17-Normalize!G17))*5)))+IF(I48=Normalize!G18,5,IF(I48<Normalize!G18,5,IF(I48>Normalize!I18,0,5-((I48-Normalize!G18)/(Normalize!I18-Normalize!G18))*5)))+IF(I49=Normalize!G19,5,IF(I49<Normalize!G19,5,IF(I49>Normalize!I19,0,5-((I49-Normalize!G19)/(Normalize!I19-Normalize!G19))*5))))/3 -> 5
D47: 1.4.1 | E47: מספר מחירונים זמינים | H47: N | I47: 5 | K47: =D47 -> 1.4.1
D48: 1.4.2 | E48: מחיר מזערי במחירונים | H48: NV | I48: 0.006 | K48: =D48 -> 1.4.2
D49: 1.4.3 | E49: מחיר מירבי במחירונים | H49: NV | I49: 0.008 | K49: =D49 -> 1.4.3
C50: 1.5 | D50: עמלות השקעות במניות ואגרות חוב – % | H50: < | I50: =(IF(I51=Normalize!G21,5,IF(I51<Normalize!G21,5,IF(I51>Normalize!I21,0,((I51-Normalize!G21)/(Normalize!I21-Normalize!G21))*5)))+IF(I52=Normalize!G22,5,IF(I52<Normalize!G22,5,IF(I52>Normalize!I22,0,5-((I52-Normalize!G22)/(Normalize!I22-Normalize!G22))*5)))+IF(I53=Normalize!G23,5,IF(I53<Normalize!G23,5,IF(I53>Normalize!I23,0,5-((I53-Normalize!G23)/(Normalize!I23-Normalize!G23))*5))))/3 -> 5
D51: 1.5.1 | E51: מספר מחירונים זמינים | H51: N | I51: 5 | K51: =D51 -> 1.5.1
D52: 1.5.2 | E52: מחיר מזערי במחירונים | H52: NV | I52: 0.006 | K52: =D52 -> 1.5.2
D53: 1.5.3 | E53: מחיר מירבי במחירונים | H53: NV | I53: 0.008 | K53: =D53 -> 1.5.3
C54: 1.6 | D54: דמי ניהול משכנתא עצמאית – % | H54: < | I54: =(IF(I55=Normalize!G25,5,IF(I55<Normalize!G25,5,IF(I55>Normalize!I25,0,((I55-Normalize!G25)/(Normalize!I25-Normalize!G25))*5)))+IF(I56=Normalize!G26,5,IF(I56<Normalize!G26,5,IF(I56>Normalize!I26,0,5-((I56-Normalize!G26)/(Normalize!I26-Normalize!G26))*5)))+IF(I57=Normalize!G27,5,IF(I57<Normalize!G27,5,IF(I57>Normalize!I27,0,5-((I57-Normalize!G27)/(Normalize!I27-Normalize!G27))*5))))/3 -> 5
D55: 1.6.1 | E55: מספר מחירונים זמינים | H55: N | I55: 5 | K55: =D55 -> 1.6.1
D56: 1.6.2 | E56: מחיר מזערי במחירונים | H56: NV | I56: 0.006 | K56: =D56 -> 1.6.2
D57: 1.6.3 | E57: מחיר מירבי במחירונים | H57: NV | I57: 0.008 | K57: =D57 -> 1.6.3
C58: 1.7 | D58: ייעוץ על פנסיה בשירותים בלעדיים - מחיר פגישה | H58: < | I58: =(IF(I59=Normalize!G29,5,IF(I59<Normalize!G29,5,IF(I59>Normalize!I29,0,((I59-Normalize!G29)/(Normalize!I29-Normalize!G29))*5)))+IF(I60=Normalize!G30,5,IF(I60<Normalize!G30,5,IF(I60>Normalize!I30,0,5-((I60-Normalize!G30)/(Normalize!I30-Normalize!G30))*5)))+IF(I61=Normalize!G31,5,IF(I61<Normalize!G31,5,IF(I61>Normalize!I31,0,5-((I61-Normalize!G31)/(Normalize!I31-Normalize!G31))*5))))/3 -> 5
D59: 1.7.1 | E59: מספר מחירונים זמינים | H59: N | I59: 5 | K59: =D59 -> 1.7.1
D60: 1.7.2 | E60: מחיר מזערי במחירונים | H60: NV | I60: 80 | K60: =D60 -> 1.7.2
D61: 1.7.3 | E61: מחיר מירבי במחירונים | H61: NV | I61: 90 | K61: =D61 -> 1.7.3
C62: 1.8 | D62: שירותי אכיפת רגולציה או ייעוץ רגולטורי – מחיר שעה | H62: < | I62: =(IF(I63=Normalize!G33,5,IF(I63<Normalize!G33,5,IF(I63>Normalize!I33,0,((I63-Normalize!G33)/(Normalize!I33-Normalize!G33))*5)))+IF(I64=Normalize!G34,5,IF(I64<Normalize!G34,5,IF(I64>Normalize!I34,0,5-((I64-Normalize!G34)/(Normalize!I34-Normalize!G34))*5)))+IF(I65=Normalize!G35,5,IF(I65<Normalize!G35,5,IF(I65>Normalize!I35,0,5-((I65-Normalize!G35)/(Normalize!I35-Normalize!G35))*5))))/3 -> 5
D63: 1.8.1 | E63: מספר מחירונים זמינים | H63: N | I63: 5 | K63: =D63 -> 1.8.1
D64: 1.8.2 | E64: מחיר מזערי במחירונים | H64: NV | I64: 80 | K64: =D64 -> 1.8.2
D65: 1.8.3 | E65: מחיר מירבי במחירונים | H65: NV | I65: 90 | K65: =D65 -> 1.8.3
C66: 1.9 | D66: שכר טרחה לטיפול בפנסיה – לכל טיפול | H66: < | I66: =(IF(I67=Normalize!G37,5,IF(I67<Normalize!G37,5,IF(I67>Normalize!I37,0,((I67-Normalize!G37)/(Normalize!I37-Normalize!G37))*5)))+IF(I68=Normalize!G38,5,IF(I68<Normalize!G38,5,IF(I68>Normalize!I38,0,5-((I68-Normalize!G38)/(Normalize!I38-Normalize!G38))*5)))+IF(I69=Normalize!G39,5,IF(I69<Normalize!G39,5,IF(I69>Normalize!I39,0,5-((I69-Normalize!G39)/(Normalize!I39-Normalize!G39))*5))))/3 -> 5
D67: 1.9.1 | E67: מספר מחירונים זמינים | H67: N | I67: 5 | K67: =D67 -> 1.9.1
D68: 1.9.2 | E68: מחיר מזערי במחירונים | H68: NV | I68: 80 | K68: =D68 -> 1.9.2
D69: 1.9.3 | E69: מחיר מירבי במחירונים | H69: NV | I69: 90 | K69: =D69 -> 1.9.3
B71: 2 | C71: ביצועים ממוצעים - לסוף שנת הלוח הקודמת | H71: דירוג משוקלל מנורמל > | I71: =(I72*8+I81*6+I91*9+I102*9)/32 -> 1.9092938
B72: 1 | C72: תשואות | H72: < | I72: =(IF(I73=Normalize!G43,5,IF(I73<Normalize!G43,5,IF(I73>Normalize!I43,0,((I73-Normalize!G43)/(Normalize!I43-Normalize!G43))*5)))+IF(I74=Normalize!G44,5,IF(I74<Normalize!G44,5,IF(I74>Normalize!I44,0,((I74-Normalize!G44)/(Normalize!I44-Normalize!G44))*5)))+IF(I75=Normalize!G45,5,IF(I75<Normalize!G45,5,IF(I75>Normalize!I45,0,((I75-Normalize!G45)/(Normalize!I45-Normalize!G45))*5)))+IF(I76=Normalize!G46,5,IF(I76<Normalize!G46,5,IF(I76>Normalize!I46,0,((I76-Normalize!G46)/(Normalize!I46-Normalize!G46))*5)))+IF(I77=Normalize!G47,5,IF(I77<Normalize!G47,5,IF(I77>Normalize!I47,0,((I77-Normalize!G47)/(Normalize!I47-Normalize!G47))*5)))+IF(I78=Normalize!G48,5,IF(I78<Normalize!G48,5,IF(I78>Normalize!I48,0,((I78-Normalize!G48)/(Normalize!I48-Normalize!G48))*5)))+IF(I79=Normalize!G49,5,IF(I79<Normalize!G49,5,IF(I79>Normalize!I49,0,((I79-Normalize!G49)/(Normalize!I49-Normalize!G49))*5)))+IF(I80=Normalize!G50,5,IF(I80<Normalize!G50,5,IF(I80>Normalize!I50,0,((I80-Normalize!G50)/(Normalize!I50-Normalize!G50))*5))))/8 -> 1.8693182
C73: 1.1 | D73: תשואה ממוצעת שנה אחרונה | H73: N | I73: 0.02 | K73: =C73 -> 1.1
C74: 1.2 | D74: תשואה מצטברת לתקופה | H74: N | I74: 0.22 | K74: =C74 -> 1.2
C75: 1.3 | D75: תשואה חודשית ממוצעת 3 שנים | H75: N | I75: 0.008 | K75: =C75 -> 1.3
C76: 1.4 | D76: תשואה חודשית ממוצעת 5 שנים | H76: N | I76: 0.01 | K76: =C76 -> 1.4
C77: 1.5 | D77: תשואה מצטברת 3 שנים | H77: N | I77: 0.3 | K77: =C77 -> 1.5
C78: 1.6 | D78: תשואה מצטברת 5 שנים | H78: N | I78: 0.7 | K78: =C78 -> 1.6
C79: 1.7 | D79: תשואה שנתית ממוצעת 3 שנים | H79: N | I79: 0.09 | K79: =C79 -> 1.7
C80: 1.8 | D80: תשואה שנתית ממוצעת 5 שנים | H80: N | I80: 0.12 | K80: =C80 -> 1.8
B81: 2 | C81: מדדי סיכון | H81: < | I81: =(IF(I82=Normalize!G52,5,IF(I82<Normalize!G52,5,IF(I82>Normalize!I52,0,5-((I82-Normalize!G52)/(Normalize!I52-Normalize!G52))*5)))+IF(I83=Normalize!G53,5,IF(I83<Normalize!G53,5,IF(I83>Normalize!I53,0,5-((I83-Normalize!G53)/(Normalize!I53-Normalize!G53))*5)))+IF(I84=Normalize!G54,5,IF(I84<Normalize!G54,5,IF(I84>Normalize!I54,0,5-((I84-Normalize!G54)/(Normalize!I54-Normalize!G54))*5)))+IF(I85=Normalize!G55,5,IF(I85<Normalize!G55,5,IF(I85>Normalize!I55,0,5-((I85-Normalize!G55)/(Normalize!I55-Normalize!G55))*5)))+IF(I86=Normalize!G56,5,IF(I86<Normalize!G56,5,IF(I86>Normalize!I56,0,5-((I86-Normalize!G56)/(Normalize!I56-Normalize!G56))*5)))+IF(I87=Normalize!G57,5,IF(I87<Normalize!G57,5,IF(I87>Normalize!I57,0,5-((I87-Normalize!G57)/(Normalize!I57-Normalize!G57))*5)))+IF(Normalize!I58<>Normalize!G58,5-((I88-Normalize!G58)/(Normalize!I58-Normalize!G58))*5,0)+IF(I87=Normalize!G58,5,0))/7 -> 2.4404762
C82: 2.1 | D82: סטיית תקן 36 חודשים | H82: NV | I82: 0.05 | K82: =C82 -> 2.1
C83: 2.2 | D83: סטיית תקן 60 חודשים | H83: NV | I83: 0.05 | K83: =C83 -> 2.2
C84: 2.3 | D84: אלפא שנתית | H84: NV | I84: 0.05 | K84: =C84 -> 2.3
C85: 2.4 | D85: שארפ ענף | H85: NV | I85: 0.08 | K85: =C85 -> 2.4
C86: 2.5 | D86: שארפ כל הקופות | H86: NV | I86: 0.01 | K86: =C86 -> 2.5
C87: 2.6 | D87: שארפ ריבית חסרת סיכון | H87: NV | I87: 0.009 | K87: =C87 -> 2.6
C88: 2.7 | D88: יחס נזילות | H88: N | I88: 0.95 | K88: =C88 -> 2.7
B90: 3 | C90: ערכיות רב-שכבתית | H90: דירוג משוקלל מנורמל > | I90: =(I92*3+I97*2+I101*60)/65 -> 3.0769231
B92: 4 | C92: גודל ופריסה | H92: < | I92: =SUM(I93:I95)/3 -> 5
C93: 4.1 | D93: מחירון מפורט מלא באתר לכל שירות | H93: כן=5 / לא=0 | I93: 5 | K93: =C93 -> 4.1
C94: 4.2 | D94: המחירון באתר כולל את מלוא התשלומים שיידרשו מהלקוח | H94: כן=5 / לא=0 | I94: 5 | K94: =C94 -> 4.2
C95: 4.3 | D95: כל השירותים המפורסמים באתר זמינים מיידית | H95: כן=5 / לא=0 | I95: 5 | K95: =C95 -> 4.3
B97: 2 | C97: רמת ואמינות השירות | H97: < | I97: =(I98+I99)/2 -> 5
C98: 2.1 | D98: המחיר בפועל אינו עולה על המחיר מפורסם באתר | H98: כן=5 / לא=0 | I98: 5 | K98: =C98 -> 2.1
C99: 2.2 | D99: אין תעריף כלשהו נוסף למחיר המפורסם באתר | H99: כן=5 / לא=0 | I99: 5 | K99: =C99 -> 2.2
B101: 3 | C101: מאפייני השירותים | H101: << | I101: =(I102*10+I113*10+I124*10+I135*10+I146*10+I157*10)/60 -> 2.9166667
C102: 3.1 | D102: השירותים הזמינים | H102: < | I102: =SUM(I103:I112)/10 -> 3.5
D103: 3.1.1 | E103: ניהול קופות גמל לעובדים עצמאים | H103: כן=5 / לא=0 | I103: 5 | K103: =D103 -> 3.1.1
D104: 3.1.2 | E104: ניהול תיקי השקעות לפנסיה | H104: כן=5 / לא=0 | I104: 5 | K104: =D104 -> 3.1.2
D105: 3.1.3 | E105: תכנון חיסכון פנסיוני מותאם אישית | H105: כן=5 / לא=0 | I105: 0 | K105: =D105 -> 3.1.3
D106: 3.1.4 | E106: ניהול השקעות לטווח ארוך (פנסיה ותגמולים) | H106: כן=5 / לא=0 | I106: 0 | K106: =D106 -> 3.1.4
D107: 3.1.5 | E107: הצעות לניהול סיכונים פיננסיים | H107: כן=5 / לא=0 | I107: 5 | K107: =D107 -> 3.1.5
D108: 3.1.6 | E108: ייעוץ אישי בתחום החיסכון הפנסיוני | H108: כן=5 / לא=0 | I108: 5 | K108: =D108 -> 3.1.6
D109: 3.1.7 | E109: ייעוץ לגבי תכניות גמל והשקעות לעתיד | H109: כן=5 / לא=0 | I109: 5 | K109: =D109 -> 3.1.7
D110: 3.1.8 | E110: העברת כספים בין קופות גמל | H110: כן=5 / לא=0 | I110: 5 | K110: =D110 -> 3.1.8
D111: 3.1.9 | E111: ייעוץ בפתרונות חיסכון לעת זקנה | H111: כן=5 / לא=0 | I111: 5 | K111: =D111 -> 3.1.9
D112: 3.1.10 | E112: עדכון מידע והתאמה לצרכים אישיים | H112: כן=5 / לא=0 | I112: 0 | K112: =D112 -> 3.1.10
C113: 3.2 | D113: מחוייבות למאפייני השירותים | H113: < | I113: =SUM(I114:I123)/10 -> 3.5
D114: 3.2.1 | E114: קופת גמל בתנאים מותאמים אישית | H114: כן=5 / לא=0 | I114: 5 | K114: =D114 -> 3.2.1
D115: 3.2.2 | E115: אפשרות למשיכה בסיום תקופה | H115: כן=5 / לא=0 | I115: 5 | K115: =D115 -> 3.2.2
D116: 3.2.3 | E116: גמישות במצבי שינוי בחיי הלקוח | H116: כן=5 / לא=0 | I116: 0 | K116: =D116 -> 3.2.3
D117: 3.2.4 | E117: ריבית גבוהה ומועילה | H117: כן=5 / לא=0 | I117: 0 | K117: =D117 -> 3.2.4
D118: 3.2.5 | E118: מסלול השקעה מבוקר ומפוקח | H118: כן=5 / לא=0 | I118: 5 | K118: =D118 -> 3.2.5
D119: 3.2.6 | E119: מערכת דיווח נוחה ועדכנית | H119: כן=5 / לא=0 | I119: 5 | K119: =D119 -> 3.2.6
D120: 3.2.7 | E120: אפשרות להשקעות במניות, אגרות חוב ונדל"ן | H120: כן=5 / לא=0 | I120: 5 | K120: =D120 -> 3.2.7
D121: 3.2.8 | E121: מסלולי השקעה מוכוונים סיכון | H121: כן=5 / לא=0 | I121: 5 | K121: =D121 -> 3.2.8
D122: 3.2.9 | E122: התאמה אישית למצב הפיננסי של הלקוח | H122: כן=5 / לא=0 | I122: 5 | K122: =D122 -> 3.2.9
D123: 3.2.10 | E123: עלות ניהול נמוכה יחסית | H123: כן=5 / לא=0 | I123: 0 | K123: =D123 -> 3.2.10
C124: 3.3 | D124: התחייבות לעמידה מלאה וקבועה ברגולציה, חוקים, תקנות ותקנים | H124: < | I124: =SUM(I125:I134)/10 -> 3
...

Sheet Normalize
B1: פרמטרים לנירמול | G1: MIN | H1: AVR | I1: MAX
B2: 1 | C2: מדדים תעריפיים (כולל מע"מ)
B3: 1 | C3: מדדים תעריפיים (כולל מע"מ)
C4: 1.1 | D4: תשלום דמי ניהול – % לשנה
D5: 1.1.1 | E5: מספר מחירונים זמינים | G5: 5 | H5: =(G5+I5)/2 -> 5 | I5: 5
D6: 1.1.2 | E6: מחיר מזערי במחירונים | G6: 0.006 | H6: =(G6+I6)/2 -> 0.006 | I6: 0.006
D7: 1.1.3 | E7: מחיר מירבי במחירונים | G7: 0.008 | H7: =(G7+I7)/2 -> 0.008 | I7: 0.008
C8: 1.2 | D8: ייעוץ בתחום הפנסיוני –מחיר שעה
D9: 1.2.1 | E9: מספר מחירונים זמינים | G9: 5 | H9: =(G9+I9)/2 -> 5 | I9: 5
D10: 1.2.2 | E10: מחיר מזערי במחירונים | G10: 80 | H10: =(G10+I10)/2 -> 80 | I10: 80
D11: 1.2.3 | E11: מחיר מירבי במחירונים | G11: 90 | H11: =(G11+I11)/2 -> 90 | I11: 90
C12: 1.3 | D12: ניהול תיק השקעות אישי – % מהסכום המנוהל
D13: 1.3.1 | E13: מספר מחירונים זמינים | G13: 5 | H13: =(G13+I13)/2 -> 5 | I13: 5
D14: 1.3.2 | E14: מחיר מזערי במחירונים | G14: 0.006 | H14: =(G14+I14)/2 -> 0.006 | I14: 0.006
D15: 1.3.3 | E15: מחיר מירבי במחירונים | G15: 0.008 | H15: =(G15+I15)/2 -> 0.008 | I15: 0.008
C16: 1.4 | D16: עמלות הפקדה /משיכה – %
D17: 1.4.1 | E17: מספר מחירונים זמינים | G17: 5 | H17: =(G17+I17)/2 -> 5 | I17: 5
D18: 1.4.2 | E18: מחיר מזערי במחירונים | G18: 0.006 | H18: =(G18+I18)/2 -> 0.006 | I18: 0.006
D19: 1.4.3 | E19: מחיר מירבי במחירונים | G19: 0.008 | H19: =(G19+I19)/2 -> 0.008 | I19: 0.008
C20: 1.5 | D20: עמלות השקעות במניות ואגרות חוב – %
D21: 1.5.1 | E21: מספר מחירונים זמינים | G21: 5 | H21: =(G21+I21)/2 -> 5 | I21: 5
D22: 1.5.2 | E22: מחיר מזערי במחירונים | G22: 0.006 | H22: =(G22+I22)/2 -> 0.006 | I22: 0.006
D23: 1.5.3 | E23: מחיר מירבי במחירונים | G23: 0.008 | H23: =(G23+I23)/2 -> 0.008 | I23: 0.008
C24: 1.6 | D24: דמי ניהול משכנתא עצמאית – %
D25: 1.6.1 | E25: מספר מחירונים זמינים | G25: 5 | H25: =(G25+I25)/2 -> 5 | I25: 5
D26: 1.6.2 | E26: מחיר מזערי במחירונים | G26: 0.006 | H26: =(G26+I26)/2 -> 0.006 | I26: 0.006
D27: 1.6.3 | E27: מחיר מירבי במחירונים | G27: 0.008 | H27: =(G27+I27)/2 -> 0.008 | I27: 0.008
C28: 1.7 | D28: ייעוץ על פנסיה בשירותים בלעדיים - מחיר פגישה
D29: 1.7.1 | E29: מספר מחירונים זמינים | G29: 5 | H29: =(G29+I29)/2 -> 5 | I29: 5
D30: 1.7.2 | E30: מחיר מזערי במחירונים | G30: 80 | H30: =(G30+I30)/2 -> 80 | I30: 80
D31: 1.7.3 | E31: מחיר מירבי במחירונים | G31: 90 | H31: =(G31+I31)/2 -> 90 | I31: 90
C32: 1.8 | D32: שירותי אכיפת רגולציה או ייעוץ רגולטורי – מחיר שעה
D33: 1.8.1 | E33: מספר מחירונים זמינים | G33: 5 | H33: =(G33+I33)/2 -> 5 | I33: 5
D34: 1.8.2 | E34: מחיר מזערי במחירונים | G34: 80 | H34: =(G34+I34)/2 -> 80 | I34: 80
D35: 1.8.3 | E35: מחיר מירבי במחירונים | G35: 90 | H35: =(G35+I35)/2 -> 90 | I35: 90
C36: 1.9 | D36: שכר טרחה לטיפול בפנסיה – לכל טיפול
D37: 1.9.1 | E37: מספר מחירונים זמינים | G37: 5 | H37: =(G37+I37)/2 -> 5 | I37: 5
D38: 1.9.2 | E38: מחיר מזערי במחירונים | G38: 80 | H38: =(G38+I38)/2 -> 80 | I38: 80
D39: 1.9.3 | E39: מחיר מירבי במחירונים | G39: 90 | H39: =(G39+I39)/2 -> 90 | I39: 90
B41: 2 | C41: ביצועים ממוצעים - לסוף שנת הלוח הקודמת
B42: 1 | C42: תשואות
C43: 1.1 | D43: תשואה ממוצעת שנה אחרונה | G43: 0.01 | H43: 0.02 | I43: 0.03
C44: 1.2 | D44: תשואה מצטברת לתקופה | G44: 0.2 | H44: 0.22 | I44: 0.25
C45: 1.3 | D45: תשואה חודשית ממוצעת 3 שנים | G45: 0.007 | H45: 0.008 | I45: 0.01
C46: 1.4 | D46: תשואה חודשית ממוצעת 5 שנים | G46: 0.009 | H46: 0.01 | I46: 0.02
C47: 1.5 | D47: תשואה מצטברת 3 שנים | G47: 0.28 | H47: 0.3 | I47: 0.4
C48: 1.6 | D48: תשואה מצטברת 5 שנים | G48: 0.6 | H48: 0.7 | I48: 0.8
C49: 1.7 | D49: תשואה שנתית ממוצעת 3 שנים | G49: 0.08 | H49: 0.09 | I49: 0.1
C50: 1.8 | D50: תשואה שנתית ממוצעת 5 שנים | G50: 0.11 | H50: 0.12 | I50: 0.13
B51: 2 | C51: מדדי סיכון
C52: 2.1 | D52: סטיית תקן 36 חודשים | G52: 0.04 | H52: 0.05 | I52: 0.06
C53: 2.2 | D53: סטיית תקן 60 חודשים | G53: 0.04 | H53: 0.05 | I53: 0.06
C54: 2.3 | D54: אלפא שנתית | G54: 0.04 | H54: 0.05 | I54: 0.06
C55: 2.4 | D55: שארפ תשואה חציונית ענף | G55: 0.07 | H55: 0.08 | I55: 0.09
C56: 2.6 | D56: שארפ ריבית חסרת סיכון | G56: 0.008 | H56: 0.009 | I56: 0.01
C57: 2.5 | D57: שארפ כל הקופות | G57: 0.008 | H57: 0.009 | I57: 0.02
C58: 2.7 | D58: יחס נזילות | G58: 0.9 | H58: 0.95 | I58: 1
B60: 5 | C60: רמת שירות וממשקים
B61: 1 | C61: זמן תגובה לפניות בצור קשר /תמיכה של האתר (שעות) | G61: 2 | H61: 3 | I61: 4
B62: 2 | C62: זמן המתנה ממוצע למענה טלפוני של המוקד
C63: 2.1 | D63: בשעות הפעילות (דקות) | G63: 2 | H63: 3 | I63: 4
C64: 2.2 | D64: מעבר לשעות הפעילות (דקות) | G64: 4 | H64: 6 | I64: 8
B65: 6 | C65: אמינות ושקיפות
B66: 4 | C66: מספר המדדים הנשאבים אוטומטית מהאתר | G66: 10 | H66: 30 | I66: 55
B67: 8 | C67: נוכחות דיגיטלית
B68: 1 | C68: ביצועי האתר - מהירות גלישה (ישראל)
C69: 1.1 | D69: צבע תוכן ראשון (FCP) - שניות | G69: 3 | H69: =(G68+I68)/2 -> 0 | I69: 7
C70: 1.2 | D70: שינוי פריסה מצטבר (CLS) | G70: 2 | H70: =(G69+I69)/2 -> 5 | I70: 8
C71: 1.3 | D71: אינטראקציה לצביעה הבאה (INP) - מילישניות | G71: 1 | H71: =(G70+I70)/2 -> 5 | I71: 5
B72: 2 | C72: דירוג המקובלות ברשת
C73: 2.1 | D73: פופולריות יחסית לתחום הפעילות (ישראל) | G73: 1000 | H73: =(G72+I72)/2 -> 0 | I73: 2890
C74: 2.2 | D74: מספר ביקורים חודשי - אלפים | G74: 100 | H74: =(G73+I73)/2 -> 1945 | I74: 777
C75: 2.3 | D75: משך שהיה ממוצע באתר - דקות | G75: 1 | H75: =(G74+I74)/2 -> 438.5 | I75: 9
C76: 2.4 | D76: קישורים נכנסים לאתר - Backlinks - אלפים | G76: 1 | H76: =(G75+I75)/2 -> 5 | I76: 9
C77: 2.5 | D77: הפניות לאתר - Refferings - אלפים | G77: 1 | H77: =(G76+I76)/2 -> 5 | I77: 9
B79: 3 | C79: נוכחות בדיגיטל ובתקשורת
C80: 3.1 | D80: אזכורים ברשתות החברתיות - Engagements - אלפים | G80: 1 | H80: =(G79+I79)/2 -> 0 | I80: 9
C81: 3.2 | D81: אזכורים בתקשורת - אלפים | G81: 1 | H81: =(G80+I80)/2 -> 5 | I81: 9
C82: 3.3 | D82: מוניטין דיגיטלי - Digital Reputation - % | G82: -0.06 | H82: =(G81+I81)/2 -> 5 | I82: 0.6
C83: 3.4 | D83: טרנדיות - Trends - % | G83: -0.44 | H83: =(G82+I82)/2 -> 0.27 | I83: 0.6
C84: 3.5 | D84: ביקורות ודירוגים - Reviews - % | G84: 0.34 | H84: =(G83+I83)/2 -> 0.08 | I84: 0.6
