Workbook

Sheet Main
B2: Ver.#1 | E2: רשתות כלים חד-פעמיים | H2: 12 | I2: חברות פעילות בתחום
B4: מוצרים | D4: החברה | E4: ________ | G4: מתוך | I4: חברות במערכת | T4: Website & Service improvement Guide
G5: ככל ששטח המצולע גדול יותר - החברה איכותית יותר. להגדלת התרשים - עמדו עליו: | T5: המלצות לשיפור האתר, השירות והמותג מהות ההמלצות לעדכון הפרמטרים הינה מקסימיזציה יחסית בהשוואה למיטבי מבין כלל אתרי תחום הפעילות ובכך לשדרג את מיקום האתר בדירוג הרייטינג הכולל והיחסי שלו
B6: דירוג הרייטינג היחסי הכולל | E6: > | G6: ככל שהדירוגים בעמודה גבוהים יותר - החברה איכותית יותר | H6: =(H8*G8 + H10*G10 + H14*G14 + H16*G16 + H18*G18 + H20*G20 + H24*G24)/SUM(G8,G10,G14,G16,G18,G20,G22,G24) -> 2.8571047
B8: 1 | C8: מדדים תעריפיים | G8: 2 | H8: =H32 -> 4.6938776
B10: 2 | C10: =C63 -> ערכיות רב-שכבתית | G10: 1.8 | H10: =H63 -> 1.2269345
B14: 3 | C14: =C114 -> גודל ופריסה | G14: 1.6 | H14: =H114 -> 2.0841598
B16: 4 | C16: =C120 -> רמת שירות וממשקים | G16: 1.4 | H16: =H120 -> 0
B18: 5 | C18: =C127 -> אמינות ושקיפות | G18: 1.5 | H18: =H127 -> 4.6
B20: 6 | C20: =C134 -> סייבר ושמירת פרטיות | G20: 1.4 | H20: =H134 -> 3.75
B24: 7 | C24: =C152 -> נוכחות דיגיטלית | G24: 0.6 | H24: =H152 -> 3.9121419
B32: 1 | C32: מדדים תעריפיים (כולל מע"מ) | G32: דירוג משוקלל מנורמל > | H32: =(H34*5+H41+H54)/7 -> 4.6938776 | M32: 1
M33: איזור סניף /ים | O33: כן=5 / לא=0
B34: 1 | C34: מדגם מחירים (פריט שאינו נמכר, המחיר=999) | G34: < | H34: =(IF(H35=Normalize!E6,5,IF(H35<Normalize!E6,5,IF(H35>Normalize!G6,0,5-((H35-Normalize!E6)/(Normalize!G6-Normalize!E6))*5)))+IF(H36=Normalize!E7,5,IF(H36<Normalize!E7,5,IF(H36>Normalize!G7,0,5-((H36-Normalize!E7)/(Normalize!G7-Normalize!E7))*5)))+IF(H37=Normalize!E8,5,IF(H37<Normalize!E8,5,IF(H37>Normalize!G8,0,5-((H37-Normalize!E8)/(Normalize!G8-Normalize!E8))*5)))+IF(H38=Normalize!E9,5,IF(H38<Normalize!E9,5,IF(H38>Normalize!G9,0,5-((H38-Normalize!E9)/(Normalize!G9-Normalize!E9))*5)))+IF(H39=Normalize!E10,5,IF(H39<Normalize!E10,5,IF(H39>Normalize!G10,0,5-((H39-Normalize!E10)/(Normalize!G10-Normalize!E10))*5))))/5 -> 5 | K34: הערות /הבהרות למשתנים | M34: 1 | N34: צפון | O34: 0
C35: 1.1 | D35: מחיר כוסות אספרסו | G35: NV | H35: 0.6 | J35: =C35 -> 1.1 | M35: 2 | N35: חיפה והקריות | O35: 0
C36: 1.2 | D36: מחיר כוסות שתיה קרה | G36: NV | H36: 0.5 | J36: =C36 -> 1.2 | M36: 3 | N36: שרון | O36: 0
C37: 1.3 | D37: מחיר כפות | G37: NV | H37: 0.5 | J37: =C37 -> 1.3 | M37: 4 | N37: מרכז | O37: 0
C38: 1.4 | D38: מחיר צלחות מרק | G38: NV | H38: 0.4 | J38: =C38 -> 1.4 | M38: 5 | N38: גוש דן | O38: 5
C39: 1.5 | D39: מחיר קשיות | G39: NV | H39: 0.1 | J39: =C39 -> 1.5 | M39: 6 | N39: ירושלים | O39: 0
M40: 7 | N40: איו"ש | O40: 0
B41: 2 | C41: מחירי שירות /משלוח (באיזור העדר שליחות, המחיר=999) | G41: < | H41: =(IF(H42=Normalize!E13,5,IF(H42<Normalize!E13,5,IF(H42>Normalize!G13,0,5-((H42-Normalize!E13)/(Normalize!G13-Normalize!E13))*5)))+ IF(H43=Normalize!E14,5,IF(H43<Normalize!E14,5,IF(H43>Normalize!G14,0,5-((H43-Normalize!E14)/(Normalize!G14-Normalize!E14))*5)))+ IF(H44=Normalize!E15,5,IF(H44<Normalize!E15,5,IF(H44>Normalize!G15,0,5-((H44-Normalize!E15)/(Normalize!G15-Normalize!E15))*5)))+ IF(H45=Normalize!E16,5,IF(H45<Normalize!E16,5,IF(H45>Normalize!G16,0,5-((H45-Normalize!E16)/(Normalize!G16-Normalize!E16))*5)))+ IF(H46=Normalize!E17,5,IF(H46<Normalize!E17,5,IF(H46>Normalize!G17,0,5-((H46-Normalize!E17)/(Normalize!G17-Normalize!E17))*5)))+ IF(H47=Normalize!E18,5,IF(H47<Normalize!E18,5,IF(H47>Normalize!G18,0,5-((H47-Normalize!E18)/(Normalize!G18-Normalize!E18))*5)))+ IF(H48=Normalize!E19,5,IF(H48<Normalize!E19,5,IF(H48>Normalize!G19,0,5-((H48-Normalize!E19)/(Normalize!G19-Normalize!E19))*5)))+ IF(H49=Normalize!E20,5,IF(H49<Normalize!E20,5,IF(H49>Normalize!G20,0,5-((H49-Normalize!E20)/(Normalize!G20-Normalize!E20))*5)))+ IF(H50=Normalize!E21,5,IF(H50<Normalize!E21,5,IF(H50>Normalize!G21,0,5-((H50-Normalize!E21)/(Normalize!G21-Normalize!E21))*5)))+ IF(H51=Normalize!E22,5,IF(H51<Normalize!E22,5,IF(H51>Normalize!G22,0,5-((H51-Normalize!E22)/(Normalize!G22-Normalize!E22))*5)))+ IF(H52=Normalize!E23,5,IF(H52<Normalize!E23,5,IF(H52>Normalize!G23,0,5-((H52-Normalize!E23)/(Normalize!G23-Normalize!E23))*5))))/11 -> 5 | M41: 8 | N41: שפלה | O41: 0
C42: 1.1 | D42: דואר רשום | G42: NV | H42: 45 | J42: =C42 -> 1.1 | M42: 9 | N42: דרום | O42: 0
C43: 1.2 | D43: צפון | G43: NV | H43: 125 | J43: =C43 -> 1.2 | M43: 10 | N43: אילת | O43: 0
C44: 1.3 | D44: חיפה והקריות | G44: NV | H44: 66 | J44: =C44 -> 1.3 | O44: =SUM(O34:O43)/5 -> 1
C45: 1.4 | D45: שרון | G45: NV | H45: 275 | J45: =C45 -> 1.4
C46: 1.5 | D46: מרכז | G46: NV | H46: 90 | J46: =C46 -> 1.5
C47: 1.6 | D47: גוש-דן | G47: NV | H47: 75 | J47: =C47 -> 1.6
C48: 1.7 | D48: ירושלים | G48: NV | H48: 75 | J48: =C48 -> 1.7
C49: 1.8 | D49: איו"ש | G49: NV | H49: 60 | J49: =C49 -> 1.8
C50: 1.9 | D50: שפלה | G50: NV | H50: 100 | J50: =C50 -> 1.9
C51: 1.10 | D51: דרום | G51: NV | H51: 55 | J51: =C51 -> 1.10
C52: 1.11 | D52: אילת | G52: NV | H52: 275 | J52: =C52 -> 1.11
M53: 2
B54: 3 | C54: אמצעי תשלום ואשראי זמינים | G54: < | H54: =SUM(H55:H61)/7 -> 2.8571429 | M54: ישובי סניף /ים /שליחויות /שירות | O54: כן=5 / לא=0 | P54: איזור
C55: 3.1 | D55: העברות | G55: כן=5 / לא=0 | H55: 5 | J55: =C55 -> 3.1 | M55: 1 | N55: בית שאן | O55: 0 | P55: צפון
C56: 3.2 | D56: פייפאל | G56: כן=5 / לא=0 | H56: 5 | J56: =C56 -> 3.2 | M56: 2 | N56: טבריה | O56: 0 | P56: צפון
C57: 3.3 | D57: אפליקציות תשלומים | G57: כן=5 / לא=0 | H57: 0 | J57: =C57 -> 3.3 | M57: 3 | N57: טירת כרמל | O57: 0 | P57: צפון
C58: 3.4 | D58: ביטקוין | G58: כן=5 / לא=0 | H58: 0 | J58: =C58 -> 3.4 | M58: 4 | N58: טמרה | O58: 0 | P58: צפון
C59: 3.5 | D59: כרטיסי אשראי | G59: כן=5 / לא=0 | H59: 5 | J59: =C59 -> 3.5 | M59: 5 | N59: יקנעם עילית | O59: 0 | P59: צפון
C60: 3.6 | D60: כרטיסי חיוב ישיר | G60: כן=5 / לא=0 | H60: 0 | J60: =C60 -> 3.6 | M60: 6 | N60: כרמיאל | O60: 0 | P60: צפון
C61: 3.7 | D61: פריסה ל- 12 תשלומים לפחות ללא ריבית בכל אמצעי התשלום | G61: כן=5 / לא=0 | H61: 5 | J61: =C61 -> 3.7 | M61: 7 | N61: מגדל העמק | O61: 0 | P61: צפון
M62: 8 | N62: מעלות- תרשיחא | O62: 5 | P62: צפון
B63: 2 | C63: ערכיות רב-שכבתית | G63: דירוג משוקלל מנורמל > | H63: =(H65*4+H71*3+H76*3+H81*29)/39 -> 1.2269345 | M63: 9 | N63: נהריה | O63: 0 | P63: צפון
M64: 10 | N64: נוף הגליל | O64: 0 | P64: צפון | Q64: 1
B65: 1 | C65: שקיפות וגילוי נאות | G65: < | H65: =SUM(H66:H69)/4 -> 2.5 | M65: 11 | N65: נצרת | O65: 5 | P65: צפון
C66: 1.1 | D66: מחירון מפורט מלא באתר לכל מוצר | G66: כן=5 / לא=0 | H66: 5 | J66: =C66 -> 1.1 | M66: 12 | N66: נשר | O66: 0 | P66: צפון
C67: 1.2 | D67: כל מוצר מלווה באתר בתמונה | G67: כן=5 / לא=0 | H67: 0 | J67: =C67 -> 1.2 | M67: 13 | N67: סח'נין | O67: 0 | P67: צפון
C68: 1.3 | D68: כל מוצר מלווה במפרט טכני מלא | G68: כן=5 / לא=0 | H68: 0 | J68: =C68 -> 1.3 | M68: 14 | N68: עכו | O68: 0 | P68: צפון
C69: 1.4 | D69: כל המוצרים באתר מצויים במלאי | G69: כן=5 / לא=0 | H69: 5 | J69: =C69 -> 1.4 | M69: 15 | N69: עפולה | O69: 0 | P69: צפון
M70: 16 | N70: עראבה | O70: 0 | P70: צפון
B71: 2 | C71: שירות האונליין | G71: < | H71: =(SUM(H72:H73)+IF(H74=Normalize!E26,5,IF(H74<Normalize!E26,5,IF(H74>Normalize!G26,0,5-((H74-Normalize!E26)/(Normalize!G26-Normalize!E26))*5))))/3 -> 3.3333333 | M71: 17 | N71: צפת | O71: 0 | P71: צפון
C72: 2.1 | D72: כולל את מלוא מוצרי הרשת שבמכירה פיזית | G72: כן=5 / לא=0 | H72: 5 | J72: =C72 -> 2.1 | M72: 18 | N72: שפרעם | O72: 0 | P72: צפון
C73: 2.2 | D73: מחיר הפריטים אינו עולה על המחיר ברשת הפיזית | G73: כן=5 / לא=0 | H73: 0 | J73: =C73 -> 2.2 | M73: 19 | N73: קריית שמונה | O73: 0 | P73: צפון
C74: 2.3 | D74: זמן אספקה מירבי מובטח של הזמנת שליחות (ימי עסקים) | G74: NV | H74: 5 | J74: =C74 -> 2.3 | M74: 20 | N74: חיפה | O74: 0 | P74: חיפה והקריות
M75: 21 | N75: קריית אתא | O75: 0 | P75: חיפה והקריות
B76: 3 | C76: סניפים פיזיים (לצפיה ברשימת סניפי הרשת - הקליקו על שם החברה בראש העמודה) | G76: < | H76: =((H77/9)*5+(H78/79)*5+H79)/3 -> 0.33286451 | M76: 22 | N76: קריית ביאליק | O76: 5 | P76: חיפה והקריות | Q76: 2
C77: 2.1 | D77: מספר מחוזות פריסה | G77: 1-9 | H77: =O44 -> 1 | I77: < | J77: =C77 -> 2.1 | M77: 23 | N77: קריית ים | O77: 0 | P77: חיפה והקריות
C78: 2.2 | D78: מספר ישובי פריסה | G78: 1-79 | H78: =O134 -> 7 | I78: < | J78: =C78 -> 2.2 | M78: 24 | N78: קריית מוצקין | O78: 0 | P78: חיפה והקריות
C79: 2.3 | D79: לכל הסניפים הפיזיים חניה זמינה וחופשית | G79: כן=5 / לא=0 | H79: 0 | J79: =C79 -> 2.3 | M79: 25 | N79: הוד השרון | O79: 0 | P79: שרון
M80: 26 | N80: אום אל-פחם | O80: 0 | P80: שרון
B81: 4 | C81: תכונות הדגמים הנמכרים וזמינים במלאי | G81: << | H81: =(H82*7+H90*22)/29 -> 0.92592593 | M81: 27 | N81: אור עקיבא | O81: 0 | P81: שרון
C82: 4.1 | D82: חומרים זמינים | G82: < | H82: =((H83/9)*5+(H84/79)*5+H85)/3 -> 0.92592593 | M82: 28 | N82: באקה אל-גרבייה | O82: 0 | P82: שרון
D83: 4.1.1 | E83: נייר /קרטון | G83: כן=5 / לא=0 | H83: 5 | J83: =D83 -> 4.1.1 | M83: 29 | N83: חדרה | O83: 0 | P83: שרון
D84: 4.1.2 | E84: אלומיניום | G84: כן=5 / לא=0 | H84: 0 | J84: =D84 -> 4.1.2 | M84: 30 | N84: טייבה | O84: 0 | P84: שרון
D85: 4.1.3 | E85: פלסטיק | G85: כן=5 / לא=0 | H85: 0 | J85: =D85 -> 4.1.3 | M85: 31 | N85: טירה | O85: 0 | P85: שרון | Q85: 3
D86: 4.1.4 | E86: קרטון | G86: כן=5 / לא=0 | H86: 5 | J86: =D86 -> 4.1.4 | M86: 32 | N86: כפר יונה | O86: 0 | P86: שרון
D87: 4.1.5 | E87: אלומיניום | G87: כן=5 / לא=0 | H87: 5 | J87: =D87 -> 4.1.5 | M87: 33 | N87: כפר סבא | O87: 0 | P87: שרון
D88: 4.1.6 | E88: אל-בד | G88: כן=5 / לא=0 | H88: 0 | J88: =D88 -> 4.1.6 | M88: 34 | N88: כפר קאסם | O88: 0 | P88: שרון
D89: 4.1.7 | E89: עץ | G89: כן=5 / לא=0 | H89: 0 | J89: =D89 -> 4.1.7 | M89: 35 | N89: נתניה | O89: 0 | P89: שרון
C90: 4.2 | D90: מוצרים זמינים | G90: < | H90: =((H91/9)*5+(H92/79)*5+H93)/3 -> 0.92592593 | M90: 36 | N90: קלנסווה | O90: 0 | P90: שרון
D91: 4.2.1 | E91: כוסות אספרסו | G91: כן=5 / לא=0 | H91: 5 | J91: =D91 -> 4.2.1 | M91: 37 | N91: רעננה | O91: 0 | P91: שרון
D92: 4.2.2 | E92: כוסות אלכוהול | G92: כן=5 / לא=0 | H92: 0 | J92: =D92 -> 4.2.2 | M92: 38 | N92: אלעד | O92: 0 | P92: מרכז
D93: 4.2.3 | E93: כוסות שתיה חמה | G93: כן=5 / לא=0 | H93: 0 | J93: =D93 -> 4.2.3 | M93: 39 | N93: אור יהודה | O93: 0 | P93: מרכז
D94: 4.2.4 | E94: כוסות שתיה קרה | G94: כן=5 / לא=0 | H94: 5 | J94: =D94 -> 4.2.4 | M94: 40 | N94: באר יעקב | O94: 0 | P94: מרכז
D95: 4.2.5 | E95: כלים לקינוח אישי | G95: כן=5 / לא=0 | H95: 5 | J95: =D95 -> 4.2.5 | M95: 41 | N95: גבעת שמואל | O95: 0 | P95: מרכז
D96: 4.2.6 | E96: כפות | G96: כן=5 / לא=0 | H96: 0 | J96: =D96 -> 4.2.6 | M96: 42 | N96: יהוד-מונוסון | O96: 0 | P96: מרכז | Q96: 4
D97: 4.2.7 | E97: כפיות | G97: כן=5 / לא=0 | H97: 0 | J97: =D97 -> 4.2.7 | M97: 43 | N97: פתח תקווה | O97: 0 | P97: מרכז
D98: 4.2.8 | E98: מגש | G98: כן=5 / לא=0 | H98: 5 | J98: =D98 -> 4.2.8 | M98: 44 | N98: קריית אונו | O98: 0 | P98: מרכז
D99: 4.2.9 | E99: מזלגות | G99: כן=5 / לא=0 | H99: 5 | J99: =D99 -> 4.2.9 | M99: 45 | N99: ראש העין | O99: 5 | P99: מרכז
D100: 4.2.10 | E100: מפה | G100: כן=5 / לא=0 | H100: 0 | J100: =D100 -> 4.2.10 | M100: 46 | N100: רמת השרון | O100: 0 | P100: מרכז
D101: 4.2.11 | E101: מפיות | G101: כן=5 / לא=0 | H101: 0 | J101: =D101 -> 4.2.11 | M101: 47 | N101: בני ברק | O101: 0 | P101: גוש-דן
D102: 4.2.12 | E102: סט כלים | G102: כן=5 / לא=0 | H102: 5 | J102: =D102 -> 4.2.12 | M102: 48 | N102: בת ים | O102: 0 | P102: גוש-דן
D103: 4.2.13 | E103: סכינים | G103: כן=5 / לא=0 | H103: 5 | J103: =D103 -> 4.2.13 | M103: 49 | N103: גבעתיים | O103: 0 | P103: גוש-דן
D104: 4.2.14 | E104: עטרות /מנג'טים | G104: כן=5 / לא=0 | H104: 0 | J104: =D104 -> 4.2.14 | M104: 50 | N104: הרצליה | O104: 0 | P104: גוש-דן
D105: 4.2.15 | E105: צלחות | G105: כן=5 / לא=0 | H105: 0 | J105: =D105 -> 4.2.15 | M105: 51 | N105: חולון | O105: 0 | P105: גוש-דן | Q105: 5
D106: 4.2.16 | E106: צלחות מרק | G106: כן=5 / לא=0 | H106: 5 | J106: =D106 -> 4.2.16 | M106: 52 | N106: רמת גן | O106: 0 | P106: גוש-דן
D107: 4.2.17 | E107: צנצנות | G107: כן=5 / לא=0 | H107: 5 | J107: =D107 -> 4.2.17 | M107: 53 | N107: תל אביב-יפו | O107: 0 | P107: גוש-דן
D108: 4.2.18 | E108: קשיות | G108: כן=5 / לא=0 | H108: 0 | J108: =D108 -> 4.2.18 | M108: 54 | N108: בית שמש | O108: 0 | P108: ירושלים
D109: 4.2.19 | E109: תבנית | G109: כן=5 / לא=0 | H109: 0 | J109: =D109 -> 4.2.19 | M109: 55 | N109: ירושלים | O109: 0 | P109: ירושלים | Q109: 6
D110: 4.2.20 | E110: תבנית לעוגה אנגלית | G110: כן=5 / לא=0 | H110: 5 | J110: =D110 -> 4.2.20 | M110: 56 | N110: אריאל | O110: 0 | P110: איו"ש
D111: 4.2.21 | E111: תבנית מלבנית | G111: כן=5 / לא=0 | H111: 0 | J111: =D111 -> 4.2.21 | M111: 57 | N111: ביתר עילית | O111: 0 | P111: איו"ש | Q111: 7
D112: 4.2.22 | E112: תבנית עגולה | G112: כן=5 / לא=0 | H112: 0 | J112: =D112 -> 4.2.22 | M112: 58 | N112: מודיעין עילית | O112: 0 | P112: איו"ש
M113: 59 | N113: מעלה אדומים | O113: 0 | P113: איו"ש
B114: 3 | C114: גודל ופריסה | G114: דירוג משוקלל מנורמל > | H114: =(H115+H116+H117+IF(H118=1948,5,IF(H118<1948,5,IF(H118>YEAR(TODAY()),0,5-((H118-1948)/(YEAR(TODAY())-1948))*5))))/4 -> 2.0841598 | M114: 60 | N114: אשדוד | O114: 0 | P114: שפלה
B115: 1 | C115: דירוג היקף הפעילות הארצית היחסית | G115: > | H115: =((IF(H44<>999,1,0)+IF(H45<>999,1,0)+IF(H47<>999,1,0)+IF(H46<>999,1,0)+IF(H48<>999,1,0)+IF(H49<>999,1,0)+IF(H50<>999,1,0)+IF(H51<>999,1,0)+IF(H52<>999,1,0))/9)*5 -> 5 | M115: 61 | N115: אשקלון | O115: 0 | P115: שפלה
B116: 2 | C116: דירוג היקף ישובי הפעילות | G116: > | H116: =(H78/79)*5 -> 0.44303797 | M116: 62 | N116: באר יעקב | O116: 5 | P116: שפלה
B117: 3 | C117: דירוג המגוון הכללי | G117: > | H117: =H63 -> 1.2269345 | M117: 63 | N117: יבנה | O117: 0 | P117: שפלה
B118: 4 | C118: שנת תחילת הפעילות הרשמית של החברה בתחום | G118: NV | H118: 2000 | J118: =B118 -> 4 | M118: 64 | N118: לוד | O118: 5 | P118: שפלה
M119: 65 | N119: מודיעין- מכבים- רעות | O119: 0 | P119: שפלה | Q119: 8
B120: 4 | C120: רמת שירות וממשקים | G120: דירוג משוקלל מנורמל > | H120: =(IF(H121=Normalize!E29,5,IF(H121<Normalize!E29,5,IF(H121>Normalize!G29,0,5-((H121-Normalize!E29)/(Normalize!G29-Normalize!E29))*5)))+IF(H123=Normalize!E31,5,IF(H123<Normalize!E31,5,IF(H123>Normalize!G31,0,5-((H123-Normalize!E31)/(Normalize!G31-Normalize!E31))*5)))+IF(H124=Normalize!E32,5,IF(H124<Normalize!E32,5,IF(H124>Normalize!G32,0,5-((H124-Normalize!E32)/(Normalize!G32-Normalize!E32))*5)))+H125)/4 -> 0 | M120: 66 | N120: נס ציונה | O120: 0 | P120: שפלה
...

Sheet Normalize
B2: פרמטרים לנירמול
B4: 1 | C4: מדדים תעריפיים מירביים - לא במבצע (כולל מע"מ)
B5: 1 | C5: מדגם מחירים (פריט שאינו נמכר, המחיר=999) | E5: MIN | F5: AVR | G5: MAX
C6: 1.1 | D6: מחיר כוסות אספרסו | E6: 0.6 | F6: =(E6+G6)/2 -> 0.6 | G6: 0.6
C7: 1.2 | D7: מחיר כוסות שתיה קרה | E7: 0.5 | F7: =(E7+G7)/2 -> 0.5 | G7: 0.5
C8: 1.3 | D8: מחיר כפות | E8: 0.5 | F8: =(E8+G8)/2 -> 0.5 | G8: 0.5
C9: 1.4 | D9: מחיר צלחות מרק | E9: 0.4 | F9: =(E9+G9)/2 -> 0.4 | G9: 0.4
C10: 1.5 | D10: מחיר קשיות | E10: 0.1 | F10: =(E10+G10)/2 -> 0.1 | G10: 0.1
B12: 2 | C12: מחירי שירות /משלוח (באיזור העדר שליחות, המחיר=999)
C13: 1.1 | D13: דואר רשום | E13: 45 | F13: =(E13+G13)/2 -> 45 | G13: 45
C14: 1.3 | D14: חיפה והקריות | E14: 125 | F14: =(E14+G14)/2 -> 125 | G14: 125
C15: 1.2 | D15: צפון | E15: 66 | F15: =(E15+G15)/2 -> 66 | G15: 66
C16: 1.4 | D16: שרון | E16: 275 | F16: =(E16+G16)/2 -> 275 | G16: 275
C17: 1.5 | D17: מרכז | E17: 90 | F17: =(E17+G17)/2 -> 90 | G17: 90
C18: 1.6 | D18: גוש-דן | E18: 75 | F18: =(E18+G18)/2 -> 75 | G18: 75
C19: 1.7 | D19: ירושלים | E19: 75 | F19: =(E19+G19)/2 -> 75 | G19: 75
C20: 1.8 | D20: איו"ש | E20: 60 | F20: =(E20+G20)/2 -> 60 | G20: 60
C21: 1.9 | D21: שפלה | E21: 100 | F21: =(E21+G21)/2 -> 100 | G21: 100
C22: 1.10 | D22: דרום | E22: 55 | F22: =(E22+G22)/2 -> 55 | G22: 55
C23: 1.11 | D23: אילת | E23: 275 | F23: =(E23+G23)/2 -> 275 | G23: 275
B25: 2 | C25: ערכיות רב-שכבתית
C26: 2.3 | D26: זמן אספקה מירבי מובטח של הזמנת שליחות (ימי עסקים) | E26: 5 | F26: =(E26+G26)/2 -> 5 | G26: 5
B28: 4 | C28: רמת שירות וממשקים
B29: 1 | C29: זמן תגובה לפניות בצור קשר /תמיכה של האתר (שעות) | E29: 3 | F29: =(E29+G29)/2 -> 3 | G29: 3
B30: 2 | C30: זמן המתנה ממוצע למענה טלפוני של המוקד
C31: 2.1 | D31: בשעות הפעילות (דקות) | E31: 3 | F31: =(E31+G31)/2 -> 3 | G31: 3
C32: 2.2 | D32: מעבר לשעות הפעילות (דקות) | E32: 6 | F32: =(E32+G32)/2 -> 6 | G32: 6
B34: 5 | C34: אמינות ושקיפות
B35: 4 | C35: מספר המדדים הנשאבים אוטומטית מהאתר | E35: 30 | F35: =(E35+G35)/2 -> 30 | G35: 30
B36: 7 | C36: נוכחות דיגיטלית
B37: 1 | C37: ביצועי האתר - מהירות גלישה (ישראל)
C38: 1.1 | D38: צבע תוכן ראשון (FCP) - שניות | E38: 3 | F38: =(E38+G38)/2 -> 5 | G38: 7
C39: 1.2 | D39: שינוי פריסה מצטבר (CLS) | E39: 2 | F39: =(E39+G39)/2 -> 5 | G39: 8
C40: 1.3 | D40: אינטראקציה לצביעה הבאה (INP) - מילישניות | E40: 1 | F40: =(E40+G40)/2 -> 3 | G40: 5
B42: 2 | C42: דירוג המקובלות ברשת
C43: 2.1 | D43: פופולריות יחסית לתחום הפעילות (ישראל) | E43: 1000 | F43: =(E43+G43)/2 -> 1945 | G43: 2890
C44: 2.2 | D44: מספר ביקורים חודשי - אלפים | E44: 100 | F44: =(E44+G44)/2 -> 438.5 | G44: 777
C45: 2.3 | D45: משך שהיה ממוצע באתר - דקות | E45: 1 | F45: =(E45+G45)/2 -> 5 | G45: 9
C46: 2.4 | D46: קישורים נכנסים לאתר - Backlinks - אלפים | E46: 1 | F46: =(E46+G46)/2 -> 5 | G46: 9
C47: 2.5 | D47: הפניות לאתר - Refferings - אלפים | E47: 1 | F47: =(E47+G47)/2 -> 5 | G47: 9
B49: 3 | C49: נוכחות בדיגיטל ובתקשורת
C50: 3.1 | D50: אזכורים ברשתות החברתיות - Engagements - אלפים | E50: 1 | F50: =(E50+G50)/2 -> 5 | G50: 9
C51: 3.2 | D51: אזכורים בתקשורת - אלפים | E51: 1 | F51: =(E51+G51)/2 -> 5 | G51: 9
C52: 3.3 | D52: מוניטין דיגיטלי - Digital Reputation - % | E52: -0.06 | F52: =(E52+G52)/2 -> 0.27 | G52: 0.6
C53: 3.4 | D53: טרנדיות - Trends - % | E53: -0.44 | F53: =(E53+G53)/2 -> 0.08 | G53: 0.6
C54: 3.5 | D54: ביקורות ודירוגים - Reviews - % | E54: 0.34 | F54: =(E54+G54)/2 -> 0.47 | G54: 0.6
